Target,AGE,Avg_income,Att_hrs_fall,Fall_GPA,Perc_hrs_comp_fall,Need_pct_met,GENDER,Stu_worker_ind
0,18.91,30573,13,3.307692308,1,1,F,0
0,18.04,27305,14,2.821428571,1,0.977365778,M,0
0,18.16,30573,15,3.133333333,1,0.913964769,M,0
0,18.59,35865,14,2.678571429,1,1,M,1
0,18.88,40125,16,2.5,1,1,F,1
0,18.64,45371,18,3,0.833333333,0.974918529,F,0
0,18.79,40323,12,2.027777778,1,1,F,0
0,18.34,35865,15,3.8,1,1,F,0
0,19.27,39779,12,3.333333333,1,1,F,0
0,19.19,30573,12,2.1,1,1,M,1
0,19.05,55619,15,3.125,0.8,1,F,0
0,39.43,35865,3,3.5,1,1,F,0
0,18.91,39779,15,2.6,1,1,M,0
0,18.54,20147,14,1.285714286,0.785714286,0.946278849,M,0
0,18.61,27305,13,3.653846154,1,0.948925033,M,0
0,18.01,,16,3.25,1,1,F,0
0,18.18,55619,16,3.0625,1,1,F,0
0,18.32,,14,3.785714286,1,1,F,0
0,18.9,,15,2.4,1,1,M,0
0,19.05,20147,15,2.1,0.6,1,M,0
0,18.33,55619,16,4,0.8125,1,M,0
0,18.72,30573,16,3.6,0.9375,1,F,0
0,18.34,25852,14,2.964285714,1,1,M,0
1,17.99,20147,16,2.961538462,0.8125,0.352661523,F,0
1,17.97,96840,12,0.75,0,1,M,0
0,19.32,55619,14,3.25,1,1,F,0
1,17.94,83078,14,1.35,0.571428571,0,M,0
0,19,39803,15,3.633333333,1,0.966818039,F,0
0,19.61,55619,16,4,1,1,M,0
1,18.14,35500,12,1.4,0.333333333,1,F,0
1,21.83,50618,16,3.461538462,0.8125,1,F,0
0,18.05,55619,12,3.625,1,1,M,0
1,18.81,20147,15,1.1,0.8,0.883360375,M,0
0,18.65,20147,12,2.75,1,1,F,0
0,19.99,,12,2.863636364,1,1,F,0
0,17.98,55619,12,4,1,1,F,0
0,19.2,28625,12,0,0,1,M,0
0,19.55,,12,0,0,1,F,0
1,19.31,88329,12,0.625,0.25,0,M,0
1,18.01,28607,15,0.357142857,0.4,0.978866244,F,0
1,18.71,,15,0,0,0.907034712,F,0
0,18.9,41026,15,1.4,0.533333333,1,F,1
1,17.71,50166,12,0.9,0.5,1,F,0
1,18.07,52931,15,0.866666667,0.6,0.462466354,F,0
1,18.78,46097,12,1,0.25,0.732118644,M,0
1,19.41,24014,15,0.9,0.533333333,1,M,0
1,19.39,123244,13,1.02,0.230769231,1,F,0
1,18.34,34972,13,0,0,0.818104306,M,0
1,18.56,20147,16,0,0,0.779781403,M,0
1,18.64,29053,15,0.9,0.6,0,M,0
1,18.19,64067,13,0,0,1,F,0
0,18.26,33491,12,0,0,0.839504165,F,0
1,18.64,21514,14,1.727272727,0.5,0.937893819,M,1
1,18.66,31497,15,1.071428571,0.6,1,F,0
1,18.97,40528,15,1.392857143,0.466666667,1,F,0
0,18.54,28299,16,0.9375,0.5625,0.899214787,F,0
0,18.13,32296,16,1.0625,0.625,1,F,0
1,18.65,40392,14,1.178571429,0.428571429,1,F,0
0,18.55,42857,14,1.285714286,0.571428571,0.98046149,F,0
1,17.96,41202,12,0,0,1,F,1
1,18.7,74171,13,1.730769231,0.692307692,0,M,0
1,18.96,46376,15,0.866666667,0.666666667,1,F,0
1,18.51,45919,15,1.333333333,0.6,0,F,0
0,18.6,47508,16,1.9375,0.8125,1,F,0
0,18.34,24465,16,0.9375,0.75,1,M,0
1,18.91,47207,16,0.692307692,0.1875,1,M,0
0,18.91,91509,14,1.307692308,0.785714286,1,M,0
1,18.48,57510,12,1.333333333,0.75,0.869131095,M,1
1,18.93,60920,15,1.904761905,0.8,1,M,0
1,18.48,52798,14,1.380952381,0.857142857,0.869131095,F,1
1,19.01,56975,14,1.575,0.428571429,0,F,1
0,18.05,44107,16,0.538461538,0.25,1,F,0
0,18.35,37495,17,0.538461538,0.411764706,1,M,0
0,18.14,29382,15,1.458333333,0.6,0.993757181,F,0
0,18.7,50512,15,1.6,0.8,0.985353919,M,1
0,18.73,53601,16,1.1875,0.8125,1,F,0
1,18.37,58816,14,1.923076923,0.785714286,1,M,0
1,18.99,69087,13,2.153846154,1,1,M,0
1,19.03,30208,13,1.423076923,0.769230769,1,M,0
0,18.06,35568,13,1.973684211,0.769230769,1,F,0
1,18.12,82706,12,1.888888889,0.75,0,M,0
0,18.23,33978,16,2.076923077,0.625,0.821180971,F,1
0,18.67,,14,0.5,0.285714286,1,F,0
1,18.68,42980,15,1.6,0.733333333,1,M,0
0,18.94,52821,14,1.75,0.642857143,0.634913142,M,0
1,18.3,40880,16,3.21875,1,1,F,0
0,18.1,36739,13,1.947368421,0.538461539,1,F,0
1,18,24216,12,2,0.75,0.603931935,M,0
0,18.26,60566,17,1.470588235,0.823529412,1,F,1
1,18.66,41489,16,1.625,1,1,F,0
1,18.06,21864,13,1.846153846,1,1,F,0
1,18.25,46864,15,2.066666667,0.8,1,M,1
0,18.18,40546,16,2.375,0.75,1,F,1
0,18.19,30743,16,2.28125,0.8125,1,F,1
1,18.61,28306,15,1.9,1,0.515661479,F,0
0,18.68,,17,2.75,0.764705882,1,M,0
0,18.64,47883,14,0.75,0.428571429,1,M,0
0,18.38,40161,14,2.607142857,1,1,F,0
0,18.04,35883,15,1.238095238,0.8,1,M,0
0,18.9,41006,13,2.461538462,0.769230769,1,F,0
0,18.35,28346,14,1.821428571,0.785714286,0.761939053,F,1
0,18.82,46950,16,1.65625,0.4375,1,M,0
0,18.26,40595,12,2.235294118,0.75,0.618891211,F,0
0,18.09,74171,14,2.115384615,1,1,F,0
0,18.46,,15,2.5,1,0,M,0
0,18.38,37088,15,2.5,1,1,M,0
0,18.87,37320,15,2.266666667,0.933333333,0,F,0
1,17.97,36334,12,2.772727273,1,1,F,0
0,18.67,26514,15,2.555555556,0.8,0.961538462,F,0
1,18.03,86988,15,1.933333333,0.8,1,F,0
0,18.17,64670,16,2.34375,0.8125,1,M,0
0,18.6,47676,12,2.25,1,0.348998526,F,0
0,18.73,66342,17,2.705882353,1,1,M,0
0,18.4,38573,15,3,0.8,1,M,0
1,17.99,80812,13,2.653846154,1,1,F,0
0,18.5,46657,12,1.375,0.5,1,M,0
0,18.26,31614,15,2.1,1,1,M,1
1,18.27,50879,16,2.6875,1,0.921998741,F,0
0,18.54,77116,15,2.866666667,1,1,M,0
0,18.75,,14,2.714285714,1,1,F,1
1,19.21,117169,15,2.5,0.8,1,M,0
0,18.34,46012,13,2.923076923,1,1,F,0
0,18.64,42912,14,2.65,0.785714286,1,F,0
1,17.52,24216,15,2.3,1,1,F,0
0,18.01,47525,15,2.933333333,1,1,F,0
1,19.05,47676,12,3.666666667,1,1,M,0
1,17.92,73612,16,2.40625,1,0.941524021,F,0
1,18.11,61110,16,1.34375,0.8125,1,M,0
1,18.86,33009,14,2.681818182,0.857142857,1,M,0
0,18.65,42229,13,1.375,0.538461539,1,F,0
0,17.68,37347,13,2.2,1.153846154,1,F,0
0,18.81,31618,15,2.2,1,1,M,1
0,18.64,56657,13,1.153846154,0.692307692,0.560919228,F,0
0,18.96,26701,13,2.236842105,0.769230769,0,M,0
1,18.01,74647,15,2.466666667,1,0.844980308,F,0
1,18.8,,15,2.2,1,0.974706992,F,0
0,18.87,26005,16,2.153846154,0.8125,1,F,0
0,18.04,29492,15,2.4,1,0.819080361,F,0
0,18.93,43633,12,2.277777778,1,0,M,0
0,18.21,56975,16,2.28125,0.75,1,F,1
0,18.88,57615,15,2.5,1,1,F,1
0,18.92,48245,12,1.75,0.75,1,M,0
1,18.78,,15,2.818181818,0.8,1,F,1
0,18.51,42857,12,2.305555556,1,0.936122463,M,0
0,18.45,25981,13,3.076923077,1,1,F,0
0,19.1,50512,15,2.25,0.8,0,F,0
1,17.71,35079,16,2.875,1,1,F,0
0,18.89,57510,14,1.928571429,1,1,F,0
0,18.25,,16,2.46875,1,1,F,0
0,19.67,32150,13,2.425,1.076923077,1,F,0
0,18.01,37439,15,2.9,1,1,F,1
1,18.97,32702,13,1.961538462,1,1,F,1
0,18.14,27057,15,2.9,0.8,1,F,0
0,18.03,55558,14,2.5,1,1,F,0
0,18.82,23426,15,2.625,0.8,0.645857055,F,0
0,18.57,52455,13,1.538461538,0.769230769,1,M,0
1,18.49,66855,15,1.5,0.8,1,M,0
0,18.38,37011,13,2.125,0.923076923,0.94379989,M,1
0,18.37,26248,16,3.15625,1,1,F,1
0,18.51,48245,13,2.576923077,1,1,F,0
0,18.22,,14,2.678571429,1,1,M,0
1,18.96,39432,13,2.578947368,1,1,F,0
0,18.44,92791,16,2.6875,1,1,M,0
0,18.38,95588,14,3.454545455,0.857142857,1,F,0
1,18.01,30346,13,2.038461538,0.769230769,0.883693666,F,1
1,18.56,37500,17,2.617647059,1,1,F,0
1,18.19,24014,16,2.40625,1,1,F,0
0,18.6,51881,15,3.033333333,1,1,F,1
1,18.46,50537,16,2.8,0.9375,1,F,1
0,18.25,76116,16,2.769230769,0.8125,0,M,1
1,18.71,,15,3.266666667,1,1,F,1
0,18.8,37851,18,3,0.833333333,0.997517135,F,0
0,18.21,50120,12,2.75,1,1,F,0
0,18.65,26701,14,2.115384615,1,1,F,0
0,18.91,24556,15,3.066666667,1,0.717810306,F,1
1,18.53,37043,12,1.791666667,0.333333333,1,M,0
0,18.29,30208,14,2.142857143,1,1,M,0
0,18.3,48245,14,1.525,0.5,1,M,1
0,18.19,26005,13,2.461538462,1,1,F,0
0,18.84,127481,14,1.333333333,0.785714286,1,M,0
0,18.91,69848,15,3.125,0.8,1,F,0
0,18.51,67593,16,2.9,0.9375,1,F,0
0,17.65,,13,1.307692308,0.769230769,1,F,0
0,18.34,26187,17,2.823529412,1,0.91304678,F,0
0,18.14,57181,17,3.147058824,1,1,F,0
0,18.12,33950,14,2.571428571,1,1,M,0
0,18.93,35244,17,2.588235294,1,1,M,0
0,18.27,69268,14,2.833333333,1,1,F,0
0,18.94,80812,14,3.392857143,1,1,F,0
0,18.2,100270,15,3.4,1,1,F,0
0,18.3,49325,15,2.8,0.8,1,M,0
0,18.4,40609,12,2.25,1,1,F,0
0,18.17,,15,1.133333333,0.6,1,M,0
0,18.17,43574,14,2.892857143,1,0,F,0
1,18.71,29146,16,2.28125,1,1,F,0
0,18.15,30145,13,2.615384615,1,1,F,0
0,18.79,51722,15,2.3,1,1,F,0
0,18.78,60035,16,2.9375,1,1,F,0
0,18.02,89891,16,2.65625,1,1,F,0
0,17.99,48627,14,2.321428571,1,1,F,1
0,18.78,46929,15,3.625,0.8,1,F,1
0,18.63,35625,16,3.125,0.75,1,M,0
0,18.23,39436,13,2.346153846,1,1,F,0
0,18.55,30675,12,2.375,1,0.595358055,M,0
0,18.24,53029,16,3.53125,1,1,F,0
0,17.93,,16,3.53125,1,1,F,0
0,18.46,49053,15,3.533333333,1,1,F,0
0,18,28491,13,2.692307692,1,1,F,0
0,19.01,46311,15,3,1,0.450590429,F,0
0,17.98,29277,15,1.9,0.8,1,M,0
0,18.31,125105,15,3,1,1,F,0
0,18.28,46097,13,2.923076923,1,1,F,1
0,18.6,102561,15,2.8,1,1,M,0
0,18.16,61284,15,2.8,1,1,M,0
0,18.21,69542,15,2.8,1,1,M,0
0,18.06,49410,16,2.9375,1,1,F,0
1,18.67,33515,15,1.333333333,0.8,1,M,0
0,18.15,75070,15,3.033333333,1,1,F,0
0,18.95,,17,2.382352941,1,1,F,1
0,19.13,32340,16,2.8125,1,0.602417036,M,0
0,18.04,62417,15,1.625,0.6,0.706145904,M,1
0,18.66,31087,17,2.941176471,1,0.847510764,F,0
0,17.87,48320,15,3.066666667,1,1,M,0
0,18.04,86988,15,2.75,0.8,1,F,0
0,18.23,59459,15,2.916666667,1,1,M,0
0,18.35,67360,15,3.066666667,1,1,M,0
0,18.86,28777,15,2.8,1,1,M,0
0,18.44,83366,15,2,0.8,1,M,0
0,18.79,37868,15,3.6,1,1,F,0
0,18.04,,15,1.6,0.8,0,F,0
1,18.38,46097,14,2.825,0.785714286,1,M,1
0,18.09,45090,16,2.78125,1,1,F,0
0,18.52,42229,14,3.5,1,1,M,0
0,18.79,37330,12,3,1,1,F,0
0,18.36,68071,12,3,1,1,F,0
0,18.87,31923,15,2.833333333,1,1,M,0
0,18.11,68150,13,3.423076923,1,1,F,1
0,18.89,,14,1.392857143,0.785714286,1,M,0
0,18.24,50512,13,2.807692308,1,1,F,0
0,18.37,51923,15,2.8,1,1,F,0
0,18.72,24014,18,1.638888889,0.666666667,1,M,0
0,18.57,45575,16,2.8125,1,0.730689812,F,0
0,18.58,49795,16,3.65625,1,1,F,0
0,18.42,33685,16,3.03125,1,0.921636918,F,0
0,17.81,56233,13,2.875,1,1,M,0
0,18.17,51923,14,2.5,1,1,F,1
0,18.97,,13,2.5,1,1,F,1
0,19.07,30851,13,3.538461538,1,1,M,0
0,18.49,48330,13,1.307692308,1,1,F,0
0,18,28468,15,3.458333333,0.8,0,F,0
1,18.14,37164,14,2.892857143,1,0.598435586,M,0
1,18.95,39779,13,2.538461538,1,0,M,0
0,18.19,,13,1.346153846,1,1,F,0
0,18.86,52719,16,3.15625,1,0,F,0
0,18.61,29223,14,2.571428571,1,1,M,0
0,18.23,34743,15,3.5,1,1,F,0
1,18.79,72766,15,3.5,1,1,F,0
1,18.69,51610,15,3.25,0.8,1,M,0
0,18.85,42980,15,2.5,1,1,M,0
0,18.95,56935,14,3.178571429,1,1,F,0
1,18.39,28299,15,3.166666667,0.6,1,M,0
0,17.98,46342,15,3.2,1,1,F,0
0,18.27,,14,2.6,1,0.958545196,M,0
0,18.34,37748,15,2.6,1,1,F,0
0,18.78,53529,15,3.590909091,0.733333333,1,F,0
0,18.96,,13,2.846153846,1,0.992826445,M,1
0,19.51,,14,3.25,1,0,F,0
0,18.97,64258,14,3.678571429,1,1,M,0
0,18.83,39355,12,2.625,1,1,F,0
0,18.7,36699,15,3.5,0.866666667,1,M,0
0,18.12,37094,15,2.166666667,0.8,1,M,0
0,19.06,55750,17,3.294117647,1,1,M,1
0,18.99,,14,3.071428571,1,0.838823529,M,0
0,21.06,,15,3.7,1,0,M,0
0,18.31,51767,15,3.2,1,1,F,0
0,18.11,98838,15,1.5,0.6,1,F,0
0,18.4,55619,16,2.6875,1,1,M,0
0,18.15,57710,14,3.035714286,1,1,M,1
1,18.9,97675,14,3.285714286,1,0.850421091,F,0
1,19.07,47508,15,4,0.8,1,M,0
0,20.48,50512,15,3,1,1,F,0
0,18.02,70000,15,2.666666667,1,1,F,0
0,18.17,29544,16,2.6875,1,1,F,0
0,18.71,28482,15,3.1,1,1,M,1
1,18.06,100857,15,3.3,1,1,F,0
0,17.84,31341,14,2.285714286,1,1,F,0
0,19.61,,14,2.714285714,1,0,M,0
1,18.24,34656,15,1.866666667,0.8,1,M,0
0,18.73,30299,15,2.7,1,1,F,0
0,18.7,59010,15,3.333333333,1,1,F,0
0,18.78,38996,15,3.045454545,0.8,0.901526068,F,0
0,18.55,54591,15,2.7,1,1,F,0
0,18.94,,15,2.7,1,1,F,0
0,18.2,52816,13,3.346153846,1,1,F,0
1,18.01,74889,16,2.4375,1,1,F,0
0,18.73,43444,15,3.047619048,1,1,F,1
0,18.57,94590,15,3.9,1,1,F,0
0,18.48,73758,16,3.375,1,1,F,0
0,18.6,29986,15,3.733333333,1,1,M,0
0,18.42,31094,16,2.75,1,1,F,0
0,19.01,100358,16,3.90625,1,1,F,0
0,19.23,44070,16,3.90625,1,1,F,1
0,18.01,57710,17,2.928571429,0.647058824,1,M,0
0,18.3,76185,16,3.375,1,1,F,1
0,19.16,25509,13,2.769230769,1,1,M,0
0,18.97,61280,14,2.785714286,1,1,M,0
0,18.61,66746,15,2.766666667,1,0.989575672,F,0
0,18.12,36301,15,2.8,1,0.511297071,M,0
0,18.95,39432,15,1.583333333,0.6,0.28333963,M,0
0,18.91,60238,15,3.333333333,1,1,F,0
1,18.15,59496,15,3.433333333,1,1,F,0
0,18.65,44761,15,2.8,1,1,F,1
0,18.44,35515,12,2.791666667,1,1,F,0
0,18.54,48452,14,1.964285714,1,0,F,0
0,18.52,86944,16,4,1,1,F,0
0,18.24,110470,15,2,0.8,1,M,0
0,18.56,73938,14,3.576923077,0.928571429,1,F,0
0,18.66,34744,16,3.78125,1,1,F,0
0,18,53131,15,4,1,1,F,0
0,18.77,,12,3.375,1,1,F,1
0,19.16,40195,14,3.785714286,1,0.721520366,F,0
0,18.06,41007,15,3.166666667,0.8,1,F,0
0,18.34,87889,15,3.8,1,1,F,1
0,18.55,51114,12,2.058823529,1,1,M,0
0,18.64,48441,13,3.5,1,1,F,0
0,18.49,53422,14,3.5,1,1,F,0
0,18.44,97807,15,1.7,1,1,F,0
1,18.77,37191,13,2,0.692307692,1,M,0
0,18.83,42364,14,2.25,1,1,F,1
1,18.85,36208,15,3.5,1,1,F,0
1,17.02,52719,15,3.5,1,1,F,0
0,17.59,33367,16,3.4375,1,1,F,1
0,19.15,49878,15,1.4,0.8,1,F,0
1,18.28,29146,16,1.8125,0.8125,0.813400649,M,0
0,18.83,36012,15,3.208333333,0.8,1,F,0
0,18.81,38027,16,3.291666667,0.75,1,F,0
0,18.58,64067,14,3.225,1,1,F,0
1,19.19,63973,15,3.533333333,1,1,F,0
0,18.59,47321,15,2.9,1,1,F,0
0,18.03,48342,13,2.921052632,1,0,F,0
0,18.98,93593,13,3.423076923,1.076923077,1,F,0
0,18.77,36301,13,3.461538462,1,0.947684751,F,0
0,18.5,47523,12,2.916666667,1,0,F,0
0,18.05,52931,15,2.9,1,1,F,0
1,18.09,47676,16,3.53125,1,1,F,0
0,18.58,23833,15,2.933333333,1,1,M,0
0,18.26,36467,15,2.285714286,1,0.628941537,F,0
0,18.2,20100,16,3.25,1,0.983843345,F,0
0,18.8,28551,15,2.933333333,1,1,F,1
0,18.1,49026,13,2.153846154,0.769230769,1,F,0
0,18.88,56634,14,2.928571429,1,1,F,0
0,18.09,,12,2.194444444,0.75,0,F,0
0,18.75,25905,16,4,1,1,M,0
0,18.76,,16,4,0.75,0.726609157,F,0
1,17.97,114497,16,3.884615385,0.8125,1,F,0
0,18.51,82004,18,3.583333333,1,1,F,0
0,18.05,39493,16,2.653846154,0.8125,1,F,0
0,19.01,30063,15,2.625,0.8,1,M,0
0,18.69,29604,13,3.307692308,1,0.886528081,F,1
1,18.47,32954,13,2.961538462,1,1,F,0
0,18.71,41241,15,3.4,1,1,M,0
0,18.55,29223,15,2.966666667,1,0.998373262,F,0
1,18.58,43417,16,3.59375,1,1,F,0
0,18.64,73153,15,3,1,0,M,0
0,18.64,,16,3.9375,1,1,F,0
0,18.79,104035,15,3.366666667,1,1,M,0
0,18.77,28855,13,3,1,1,F,0
0,18,21715,15,3,1,1,F,1
0,18.3,34723,13,1.307692308,0.923076923,1,F,0
0,18.28,59121,15,4,1,1,M,1
0,17.9,54016,14,3.642857143,1,1,F,0
0,18.09,46167,13,3.653846154,1,1,F,0
0,17.57,33149,16,3.65625,1,1,F,0
0,18.8,45035,12,2.25,0.75,1,F,1
0,18.33,26544,15,3.571428571,1,1,F,1
0,18.63,23426,13,3.052631579,1,0.930129646,M,0
0,18.01,130655,14,3.035714286,1,1,F,0
0,18.55,32283,16,3.46875,1,1,M,0
0,18.09,,16,3.46875,1,1,M,0
0,18.61,43315,16,4,1,1,F,1
0,17.44,22233,14,2.142857143,0.785714286,1,F,0
0,18.35,52123,15,3.6,1,1,F,0
0,18.43,46864,15,1.6,0.8,1,M,0
0,18.08,66979,15,3.7,1,1,F,1
0,18.82,41875,15,3.047619048,1,0.481531101,F,1
0,18.95,33014,14,2.428571429,1,1,F,0
0,18.97,24779,14,3.714285714,1,0.730545835,M,1
0,19.23,51612,16,2.576923077,0.8125,1,M,0
0,18.23,71512,16,3.71875,1,1,M,0
0,18.23,63680,16,4,0.8125,1,F,0
0,18.73,93593,15,3.7,1,1,F,0
1,18.09,76796,15,3.7,1,1,F,0
0,18.13,41290,12,3.083333333,1,0,F,0
0,18.63,30401,13,3.076923077,1,1,F,0
0,18.97,48340,15,3.633333333,1,1,F,0
0,18.01,30602,15,3.033333333,1,1,F,1
0,18.1,46097,15,3.1,1,1,F,0
1,18.89,44500,17,3.088235294,1,1,F,0
0,18.48,56552,15,2,0.8,1,M,0
0,18.76,26202,14,3.475,1,0.961696306,M,0
0,18.55,27483,12,3.105263158,1,0,F,0
0,18.42,27740,12,3.125,1,1,M,0
0,18.23,50413,15,3.1,1,0.922842419,F,1
0,18.05,27580,12,3.727272727,1,1,F,0
0,18.68,51702,14,3.107142857,1,1,F,0
0,19.55,33558,14,2.325,0.785714286,1,M,0
0,18.69,68618,15,2.266666667,0.8,1,F,0
0,19.09,88725,15,2.5,1,1,F,0
0,18.39,30608,13,3.461538462,1,1,F,1
0,17.88,41572,13,3.692307692,1,1,F,0
0,19.42,35676,15,3.166666667,1,1,M,0
0,18.77,32888,16,3.46875,1,0.99093124,F,0
0,17.95,73240,15,2.3,1,1,F,1
0,18.7,98838,12,2.625,1,1,M,0
0,18.43,43444,16,3.7,1,0.515661479,F,0
0,18.65,31341,15,3.166666667,1,1,F,0
0,18.6,,15,3.5,0.8,1,F,1
0,18.68,38548,15,3.166666667,1,0.970297695,F,0
0,18.5,114854,16,3.8125,1,1,F,0
0,18.42,31710,14,2.375,0.642857143,0.933972779,M,0
0,18.59,73510,18,2.416666667,1,1,M,1
0,18.55,46319,16,3.8125,1,1,F,0
0,16.86,28829,16,3.5625,1,0.801703926,M,0
0,18.97,37141,15,3.8,1,1,F,1
1,18.52,51254,15,3.8,1,1,F,0
0,18.11,41539,17,3.1875,1,1,F,0
0,17.97,45202,17,3.823529412,1,1,F,0
0,18.46,76116,15,3.2,1,1,F,0
0,17.36,39779,14,3.214285714,1,1,F,0
0,18.71,59347,14,3.571428571,1,1,F,0
0,18.66,52455,15,2.75,0.8,1,M,0
0,18.66,28201,16,3.25,1,1,M,0
0,19.65,,15,2.6,1,1,F,1
0,18.79,76141,16,3.875,1,1,F,0
0,18.15,23426,15,3.233333333,1,1,F,0
0,18.47,27867,15,3.571428571,1,1,F,0
0,19.02,67419,15,3.9,1,1,M,0
0,18.8,,12,3.875,1,0,F,0
0,18.28,74783,14,3.892857143,1,1,F,0
0,18.32,37453,13,1.6,0.923076923,1,F,0
0,18.42,58816,15,3.9,1,1,F,0
0,18.6,60142,16,3.90625,1,1,F,0
0,18.58,29146,13,3.269230769,1,1,F,0
0,18.02,107617,15,3.9,1,1,F,0
0,17.31,50743,15,3.9,1,1,F,0
0,18.3,62417,16,3.28125,1,1,F,0
0,18.55,34295,15,3.3,1,1,F,1
0,18.86,32432,16,3.3125,1,1,M,0
0,18.31,43726,14,3.285714286,1,1,F,0
0,18.73,64277,12,2.5,1,1,M,0
0,18.15,62404,15,3.3,1,1,F,0
0,17.06,,15,3.3,1,0.7673936,F,1
0,18.17,32839,15,3.733333333,1,0.902227032,M,0
0,18.57,31087,15,3.733333333,1,1,M,0
0,18.71,56634,15,3.333333333,1,1,F,0
0,18.11,23724,14,2.5,0.785714286,0.956353421,F,0
0,18.98,64258,15,2.5,0.8,0,M,0
0,18.87,61672,7,2.25,0.571428571,1,M,0
0,18.08,59537,14,3.321428571,1,1,F,0
0,18.41,80627,14,3.321428571,1,1,F,0
1,18.54,61583,16,2.807692308,0.8125,0,F,0
0,18.96,,14,3.357142857,1,1,F,0
0,18.34,42653,15,4,1,1,M,1
0,18.53,52809,12,1.958333333,0.75,0.986732815,F,0
1,18.89,40595,16,3.90625,1,1,F,0
0,18.63,25183,16,4,1,1,F,0
0,19.29,43531,16,4,1,1,F,0
0,18.15,68244,14,3.357142857,1,1,F,0
0,18.9,34780,16,3.375,1,1,F,0
0,18.2,92073,15,2.2,1,1,F,0
0,18.16,30526,13,2.846153846,1,0.897599121,M,0
0,18.46,78435,16,4,1,1,F,0
0,18.62,77565,16,2.1875,1,1,F,0
0,18.89,47706,15,4,1,1,F,0
1,18.75,72225,16,4,1,1,F,0
1,18.11,,12,3.607142857,1.25,1,F,0
0,18.33,62417,15,1.9,0.8,1,F,1
0,17.99,96118,12,3.382352941,1,0,F,0
0,18.82,55619,15,3.4,1,1,F,1
0,18.88,30909,14,2.214285714,1,1,F,0
1,18.44,41506,16,3.75,1,1,F,0
0,18.92,78768,15,2.8,1,1,F,0
0,18.35,36739,16,3.4375,1,1,F,0
0,18.77,41202,13,3.447368421,1,0,F,0
0,17.97,49467,12,2.25,1,1,F,1
1,18.64,31341,13,3.386363636,1,1,F,0
0,18.93,39432,15,2,0.8,1,M,0
0,19.02,27615,16,4,1,1,F,1
0,18.44,36012,14,4,1,1,F,0
1,18.97,24628,15,2,0.8,1,F,1
0,18.7,30016,13,2.846153846,1,1,F,1
0,18.48,,17,2.3125,1,1,M,0
0,18.59,,15,3.5,1,1,M,0
0,18.61,90105,15,3,0.8,1,M,0
0,18.72,,15,3.466666667,1,1,F,0
0,18.52,45514,16,3.153846154,0.8125,1,F,0
1,18.98,48520,13,3.5,1,1,M,0
0,18.18,,15,2.3,1,0,F,0
0,18.53,35244,15,3.5,1,0,F,0
0,18.49,28697,12,3.5,1,1,F,0
0,18.38,28950,12,3.5,1,0.702900515,F,0
0,18.68,25405,15,3.9,1,1,M,0
0,18.26,28676,15,3.133333333,1,1,M,1
0,18.82,34073,15,3.533333333,1,0.968757147,F,1
0,19,65699,13,3.538461538,1,0.961226914,F,0
0,18.14,37874,16,3.576923077,0.8125,1,F,0
0,18.43,33367,16,3.5625,1,1,F,0
0,18.5,,13,3.1875,1.230769231,1,F,0
0,17.52,48266,16,3.5625,1,1,F,0
0,18.87,31574,15,3.8,1,1,M,0
0,18.6,33571,15,1.8,1,1,M,0
1,18.02,30608,13,3.59375,1,1,F,0
0,17.99,59318,15,3.607142857,1,1,F,0
0,19.05,42821,12,2.441176471,1,1,M,0
0,19.24,42604,14,2.821428571,1,1,M,0
0,18.98,39735,14,4,1,1,M,0
0,19.08,33538,13,3.653846154,1,1,M,0
0,18.55,35344,16,2.84375,1,1,M,0
0,18.18,66746,16,3.96875,1,1,F,0
1,18.53,46584,15,4,1,1,F,0
1,18.2,35154,16,3.666666667,1,1,M,0
0,18.68,42774,14,2.5,1,1,M,0
0,18.5,62403,17,4,1,1,F,0
1,18.27,112300,16,4,1,1,F,0
0,20.62,41398,13,2.857142857,1,1,M,1
0,18.86,57510,14,1.882352941,1,1,M,0
0,18.59,25402,15,4,1,1,F,0
0,18.3,35676,15,4,0.8,1,F,0
0,18.47,46652,15,4,0.8,1,F,0
0,19.01,30702,14,2.928571429,1,1,M,0
0,18.31,86744,13,2.5,1,1,F,0
0,18.87,200001,17,2.5,1,1,F,0
0,18.54,,15,3.7,1,1,F,1
0,18.27,43603,15,3.7,1,1,F,0
0,18.64,43975,13,3.692307692,1,1,F,0
0,19.61,70081,16,2.230769231,0.8125,1,M,0
0,18.03,104035,15,3.7,1,1,F,0
0,18.47,27260,15,3.7,1,1,F,0
0,18.23,46652,14,3.846153846,0.928571429,1,M,0
0,18.87,39432,13,1.923076923,1,0.286368843,M,0
0,19.43,36760,13,2.05,0.923076923,1,M,0
0,19.41,,13,3.076923077,1,1,F,0
0,18.85,42857,16,3.71875,1,1,F,0
0,18.05,30602,12,1.916666667,1,0.721373366,F,1
0,19.44,87985,14,2.166666667,0.857142857,1,M,0
0,17.98,101884,15,3.625,1.066666667,1,F,1
0,18.47,35135,15,3.333333333,1,0.992923385,M,1
0,19.1,,14,2.571428571,1,0,M,0
0,19.09,32162,16,3,0.75,1,M,0
0,17.72,41166,15,2.9,1,1,F,0
0,18.39,43897,16,3.75,1,1,F,0
0,18.11,58523,15,3.119047619,1,1,F,0
0,18.92,28214,13,3.769230769,1,1,F,0
0,18.06,35536,16,3.125,1,1,F,1
0,18.59,86381,12,3.125,1,0,F,0
0,18.87,34344,15,2.6,1,1,M,0
0,18.16,51923,13,3.769230769,1,1,F,1
0,19.03,50166,14,3.785714286,1,1,M,0
0,19.03,36487,15,4,1,1,M,0
0,18.63,31824,17,4,1,1,M,0
0,18.29,42886,16,4,1,1,M,0
0,18.82,30531,14,3.785714286,1,1,F,1
0,18.23,96840,16,2.307692308,0.8125,1,M,0
0,18.75,49375,15,2,1,0,M,0
0,18.81,59508,15,3.8,1,1,M,0
0,18.51,44634,15,3.8,1,1,M,0
0,18.81,40347,13,2.625,1,1,M,0
0,18.46,53422,14,2.625,1,0,M,0
0,18.4,41592,13,2.615384615,1,1,F,0
0,18.41,,14,2.833333333,0.857142857,0.865795426,F,1
0,18.17,50523,16,2.9375,1,1,F,0
0,18.54,40845,16,2.625,1,1,F,1
0,17.74,114674,14,3,1,1,M,0
0,18.69,49649,15,3.8,1,1,F,0
0,18.54,16043,15,3.8,1,0.771512305,F,0
0,18.59,69542,16,3.8125,1,1,F,0
0,17.8,43908,16,3.4375,1,1,M,1
0,18.65,35369,15,2.541666667,1,1,M,0
0,18.05,74616,15,3.033333333,1,1,M,0
0,18.69,33428,15,3.833333333,1,1,F,0
0,17.94,64067,12,2.416666667,1,0,M,0
0,18.69,47783,16,2.875,0.75,1,M,0
0,18.92,42110,16,3,1,1,F,0
0,18.96,,13,2.076923077,1,0,M,0
0,19.2,71571,15,2.7,1,1,M,0
0,18.6,76185,15,2.7,1,0,M,0
1,18.82,20724,15,2.714285714,1,0.939509484,F,0
0,18.6,40199,14,3.035714286,1,1,F,0
0,18.11,32826,15,2.7,1,1,F,0
0,17.8,58606,15,2.433333333,1,1,F,0
0,17.91,32302,15,3.9,1,0.913321737,F,0
0,18.77,51305,15,2.733333333,1,1,F,0
0,18.11,,16,3.28125,1,1,F,0
0,16.87,35244,12,3.916666667,1,1,F,1
0,18.43,33942,16,3.28125,1,1,F,0
0,18.44,28115,12,2.75,1,1,F,0
0,18.89,88852,15,2.5,1,1,M,0
0,19.28,16043,15,2.566666667,1,0.72956991,M,0
0,18.45,47575,16,3.3125,1,1,F,0
0,18.51,21689,16,3.9375,1,1,F,0
0,19.36,49246,15,3.1,1,1,F,0
0,18.6,44741,17,2.78125,1,1,F,0
0,17.86,48441,14,3.107142857,1,1,F,0
0,17.8,62509,15,3.2,1,0.968070652,M,1
0,18.61,104306,15,2.8,1,1,F,0
0,18.33,31598,14,2.730769231,1,1,M,0
0,18.66,37392,14,2.785714286,1,1,F,1
0,18.94,93150,16,3.125,1,1,F,0
0,18.05,31710,16,2.5,1,1,F,0
0,18.49,40675,16,3.34375,1,1,F,0
0,20.83,,14,2.75,1,1,F,0
0,18.15,87514,14,2.8,1,0,F,0
0,18.26,32465,16,4,1,1,F,0
0,18.63,31671,14,4,1,1,F,0
0,18.42,33979,16,4,1,0.918925906,F,0
0,18.45,55619,16,4,1,1,F,0
0,18.77,69689,14,2.821428571,1,0.866240516,F,1
0,18.55,93857,14,2.821428571,1,1,F,0
0,18.2,34429,14,4,1,1,F,1
0,18.01,37634,16,4,1,1,F,0
0,18.4,38309,15,4,1,1,F,1
0,18.44,87420,15,4,1,1,F,1
0,18.05,70000,12,4,1,1,F,0
0,18.77,38712,18,3.470588235,0.944444444,1,F,1
0,18.53,70741,15,2.866666667,1,1,M,0
0,18.41,72225,14,3.392857143,1,1,F,1
0,18.7,30208,15,2.6,1,1,M,1
0,18.54,59829,15,2.733333333,1,1,M,0
0,18.71,,16,3.1875,1,1,F,1
0,18.53,37423,15,3.2,1,1,F,0
0,19.23,64258,14,3.428571429,1,1,F,0
0,17.97,60732,12,2.875,1,1,F,0
0,18.8,55645,16,2.807692308,0.8125,1,M,0
0,18.34,43682,14,2.846153846,1,1,F,0
0,18.01,68618,15,3.366666667,1,1,M,0
0,18.67,64670,16,2.3125,1,1,F,0
0,17.94,23799,11,2.433333333,1.272727273,1,F,1
0,18.6,128473,15,3.5,1,1,F,0
1,18.71,30145,16,2.875,1,1,F,1
0,18.94,71174,14,3.285714286,1,1,F,0
0,18.34,82004,16,2.96875,1,1,F,0
0,18.93,38996,13,2.769230769,1,0.862933474,M,1
0,17.85,75026,15,2.7,1,1,F,0
0,18.33,26308,16,3.75,1,1,F,1
0,18.4,71694,15,3,1,1,M,0
0,18.68,62404,15,2.9,1,1,F,0
0,19.02,43885,15,3,1,1,F,0
0,18.02,46097,16,2.09375,1,1,F,0
0,18.73,46927,15,3.25,0.8,1,F,0
0,18.29,29630,14,2.321428571,1,1,F,0
0,18.8,38986,18,2.264705882,0.833333333,1,M,0
0,18.21,50936,17,3.558823529,1,1,F,0
0,18.75,34166,16,3.34375,1,1,F,0
0,18.68,61098,16,3.03125,1,1,F,1
0,17.87,33035,15,3,1,1,M,0
0,18.82,127809,15,3.047619048,1,0,F,0
0,18.74,130655,13,2.458333333,1,1,M,0
0,18.55,73042,16,3.4375,1,1,M,0
0,18.89,73414,14,3.1,1,1,M,0
0,18.34,55734,15,3.5,1,1,M,0
0,18.43,59489,18,4,1,1,F,0
0,17.8,63996,15,3.1,1,1,F,0
0,18.38,50634,16,3.4375,1,1,F,0
0,18.35,45666,16,3.0625,1,1,M,0
0,19.15,28203,14,3.5,1,1,M,0
1,18.74,32702,15,2.5,1,0.594058773,F,0
0,18.79,29604,16,2.53125,1,1,F,1
0,18.68,45177,17,2.852941176,1,1,F,0
0,18.55,44634,14,3.090909091,0.857142857,1,F,0
0,18.09,46276,15,2.766666667,1,1,M,1
0,17.9,74171,16,3.461538462,0.8125,1,F,0
0,18.59,35432,16,3.5625,1,1,M,0
0,18.51,48698,16,3.1875,1,1,F,0
0,18.3,49534,17,3.464285714,0.823529412,1,F,0
0,18.49,23400,13,2.552631579,1,0.869131095,F,0
0,18.18,74171,15,3.25,0.8,1,F,0
0,18.86,66411,16,3.1875,1,1,F,0
0,18.69,56486,12,3.583333333,1,1,M,0
0,18.17,30970,15,2.6,1,1,M,0
0,18.73,36467,15,3.2,1,1,F,0
0,18.05,48342,16,2.96875,1,1,M,0
0,18.95,47369,17,4,1,1,M,0
0,18.89,40188,16,3.333333333,0.75,1,F,0
0,18.13,86944,15,3.766666667,1,1,F,1
0,19.24,55556,14,3.607142857,1,1,M,0
0,19.07,38504,16,3.15625,1,1,F,0
0,18.05,48441,14,3.25,1,1,F,0
0,18.7,,15,3.233333333,1,1,F,0
0,18.29,86467,15,3.266666667,1,1,M,0
0,19.08,31277,13,3.269230769,1,1,M,0
0,19.14,,16,3.8125,1,1,F,0
0,18,74191,16,3.1875,1,1,F,0
0,18.04,73051,14,3.285714286,1,1,F,0
0,18.5,48520,15,3,0.8,1,M,0
0,18.82,55959,15,3.7,1,1,M,0
0,18.13,66493,16,3.3,1,1,M,0
0,18.92,107617,16,3.28125,1,1,F,0
0,19.08,,14,3.3,1,0,F,0
0,18.83,32404,12,2.666666667,1,1,F,0
0,18.41,34780,14,2.678571429,1,1,M,0
0,18.24,39344,13,2.384615385,1,1,F,0
0,18.84,36073,16,2.65625,1,1,F,0
1,18.5,80627,14,2.678571429,1,0,F,0
0,18.43,34374,13,2.692307692,1,1,M,0
0,18.14,37671,15,3.3,1,0.942506315,F,1
0,18.26,35156,14,2.642857143,1,0.96768669,M,0
0,18.51,62895,16,3.34375,1,1,M,0
0,18.92,32250,13,3.038461538,1,0.919068271,F,1
0,19.32,50120,15,3.714285714,1,1,M,0
0,18.86,48266,16,3.09375,1,1,M,0
0,18.88,44741,12,3.375,1,1,M,0
0,18,,15,2.733333333,1,1,F,0
0,18.48,37149,15,3.055555556,0.8,1,F,0
0,18.54,54530,15,3.9,1,0.790387577,F,0
0,18.37,49068,15,3.9,1,1,F,0
0,18.07,58475,17,3.352941176,1,1,F,0
0,18.68,29654,15,3.25,1,1,M,0
0,18.45,50880,14,3.357142857,1,1,F,0
0,18.65,45230,15,3.4,1,1,M,0
0,18.61,48320,16,3.375,1,1,F,0
0,18.33,38882,17,3.769230769,0.764705882,1,F,0
0,18.11,66758,16,3.1875,1,1,M,0
0,20.1,61096,13,3.346153846,1,1,F,1
0,18.07,30531,14,2.785714286,1,1,F,0
0,18.47,73047,15,3.733333333,1,1,F,0
0,18.55,,13,3.115384615,1,1,F,0
0,18.62,33209,16,3.4375,1,1,F,1
0,18.64,44559,16,3.346153846,0.8125,1,M,0
0,18.27,30363,16,3.8125,1,1,M,0
0,18.2,66079,12,4,1,1,F,0
0,18.34,33035,15,4,1,1,F,0
0,18.24,32829,15,3.466666667,1,1,F,1
0,18.53,29806,13,2.846153846,1,1,M,0
0,17.96,88329,14,4,1,1,F,0
0,18.52,40753,16,4,1,1,F,0
0,18.63,33235,16,4,1,1,F,0
0,18.14,36955,14,4,1,1,F,0
0,18.66,69542,17,3.205882353,1,1,M,0
0,18.37,59318,15,3.178571429,1,0.44076379,F,0
0,18.53,78357,16,3.46875,1,1,F,0
0,18.1,,13,3.461538462,1,1,F,0
0,18.09,,14,2.857142857,1,1,F,0
0,18.52,83366,16,3.382352941,1.0625,1,F,0
0,18.9,86988,15,3.233333333,1,1,M,0
0,18.46,80146,12,3.5,1,1,F,0
0,19.02,55124,16,3.4375,1,1,M,0
0,18.17,69268,17,3.4375,1,0.599915942,M,1
0,18.55,37642,14,2.892857143,1,1,M,0
0,18.73,56674,12,3.5,1,1,F,0
0,18.61,52259,16,3.53125,1,1,F,0
0,18.86,50256,13,3.230769231,1,1,F,0
0,19.03,38986,15,2.9,1,0.684687225,F,0
0,18.07,101814,15,3.875,0.8,1,F,0
0,18.49,23426,15,3.3,1,0.408964741,M,0
0,19.44,36480,14,3.222222222,0.785714286,1,F,0
0,18.61,34084,15,3.571428571,0.933333333,1,F,0
0,17.99,60904,16,3.90625,1,1,F,0
0,18.43,34374,13,2.961538462,1,0.920969023,M,0
0,18.6,51937,15,3.6,1,1,M,0
0,18.68,29768,16,2.96875,1,0.892054509,M,0
0,18.59,21053,13,2.961538462,1,0.928132975,F,0
0,18.55,37103,16,4,1,0.94934348,M,0
0,18.66,63973,15,3.6,1,1,M,0
0,18.34,55734,16,3.53125,1,1,M,0
0,18.79,31710,16,3.53125,1,0.870132808,F,0
0,18.31,68244,16,2.96875,1,1,F,0
0,18.09,47403,15,3.6,1,1,F,0
0,18.67,50614,15,3.6,1,1,F,0
0,18.71,78768,14,3.357142857,1,1,F,0
0,19.04,48026,13,3.423076923,1,1,M,0
0,18.24,33164,15,3.433333333,1,1,M,0
0,18.54,29683,16,3.4,1,1,M,0
0,18.77,30619,17,3.411764706,1,1,M,0
0,18.83,29622,16,3.03125,1,1,F,0
0,18.93,93049,15,3.7,1,1,M,0
0,18.52,49946,16,3.6875,1,1,F,0
0,18.52,49816,15,3.7,1,1,M,0
0,18.88,37208,14,2.785714286,1,1,F,0
0,18.86,73414,15,3.7,1,1,F,1
0,18.52,34280,15,3.7,1,1,F,0
0,18.05,53075,16,3.40625,1,1,F,1
0,18.19,63756,14,3.714285714,1,1,F,0
0,18.06,33515,16,3.03125,1,1,F,0
0,18.4,68682,14,3.321428571,1,1,M,0
0,18.25,36731,17,3.735294118,1,1,F,0
0,18.77,110470,16,3.71875,1,1,F,0
0,18.68,73210,16,3.71875,1,1,F,0
0,18.39,76910,12,3.75,1,1,M,0
0,18.32,36500,14,3.75,1,1,F,1
0,18.61,83329,16,3.75,1,1,F,0
0,18.34,44703,15,3.666666667,1,1,F,0
0,18.22,55558,15,3.5,1,1,M,0
0,18.52,,15,3.133333333,1,1,F,0
0,18.68,45263,14,3.464285714,1,1,F,1
0,18.37,46067,16,3.5625,1,1,M,0
0,18.88,71452,17,3.764705882,1,1,F,0
0,18.92,47646,15,3.7,1,1,F,1
0,18.43,,14,3.178571429,1,1,F,0
0,18.61,,16,3.8,1,1,F,0
0,18.59,117487,15,3.8,1,1,F,0
0,18.3,66638,14,3.785714286,1,1,F,1
0,18.54,53529,14,2.892857143,1,1,F,0
0,18.97,40880,15,3.8,1,1,F,0
0,18.95,32360,14,3.558823529,0.785714286,1,M,0
0,18.46,78435,16,3.8125,1,1,F,0
0,18.37,59508,15,3.2,1,1,F,0
0,18.68,33571,16,3.625,0.75,1,F,1
0,18.22,35872,16,3.333333333,0.9375,1,F,0
0,18.3,26524,15,3.466666667,1,1,M,0
0,18.87,116200,15,3.866666667,1,1,F,0
0,18.24,109351,16,3.59375,1,1,F,0
0,18.48,45961,15,3.9,1,1,F,1
0,19.02,33035,15,3.9,1,0.699369196,F,1
0,18.59,46428,15,3.9,1,1,F,0
0,18.98,,16,3.90625,1,1,F,0
0,18.05,,16,3.90625,1,1,F,0
0,18.79,52667,14,3.307692308,1,1,M,1
0,18.88,28843,16,3.34375,1,1,M,0
0,18.31,23746,13,3.315789474,1,0.834033255,F,0
0,18.64,41469,16,3.75,1,1,M,0
0,18.94,37453,14,3.892857143,1,1,F,0
0,18.85,49805,13,3.346153846,1,1,F,0
0,18.12,46417,15,3.366666667,1,1,F,0
0,19.73,52248,16,4,1,1,F,0
0,18.36,94334,15,4,1,1,F,0
0,19.25,59214,17,4,1,1,F,0
0,18.31,37890,12,4,1,1,F,0
0,18.25,86327,16,4,1,0.997273372,F,0
0,18.47,89396,15,4,1,1,F,0
0,18.27,89396,16,4,1,1,F,0
0,18.58,,13,4,1,1,F,0
0,18.98,36761,15,3.4,1,0.885350319,F,1
0,18.86,28460,16,3,1,1,M,0
0,19.01,78527,17,3.352941176,1,0.92553153,M,0
0,18.48,84901,15,3.4,1,1,F,0
0,18.81,40507,14,3.357142857,1,1,M,0
0,18.52,48026,13,3.846153846,1,0.822962639,M,0
0,18.61,31009,16,3.65625,1,1,M,0
0,18.55,32360,18,3.444444444,1,1,M,0
0,18.47,37892,16,3.8125,1,1,M,0
0,18.15,48134,15,3.4,1,0.966555184,M,0
0,19.05,23833,15,3.8,1,1,F,0
0,18.67,87420,15,3.8,1,1,F,0
0,18.26,102561,15,3.1,1,1,M,0
0,18.38,38617,15,3.5,1,0.509299204,F,0
0,17.63,37874,15,3.5,1,1,F,0
0,18.96,33750,13,3.884615385,1,1,M,0
0,18.2,35515,14,3.538461538,1,1,M,0
0,18.66,29909,15,3.8,1,1,M,0
0,18.56,38027,15,3.566666667,1,1,F,0
0,18.35,39902,15,4,1,1,M,0
0,18.66,30256,14,3.653846154,1,1,M,0
0,18.09,87889,16,4,1,1,F,0
0,18.51,49642,15,3.684210526,1,0,M,0
1,18.44,46376,16,4,1,0.987787858,F,1
0,18.42,46417,15,3.7,1,0.819454288,M,0
0,18.65,57510,16,3.71875,1,1,M,0
0,18.97,45177,14,3.714285714,1,1,F,0
0,18.97,35244,16,3.71875,1,1,F,0
0,18.81,79259,16,4,1,1,M,0
0,18.37,50315,15,4,1,1,M,0
0,18.31,31463,15,3.8,1,1,M,0
0,18.2,52798,16,3.8125,1,0.979487714,F,0
0,18.77,39395,13,3.846153846,1,1,F,0
0,18.26,47646,16,3.875,1,1,M,0
0,18.45,,14,3.892857143,1,1,F,0
0,19,69242,16,3.5625,1,1,M,0
0,18.42,42873,12,4,1,1,M,0
0,18.11,,15,4,1,1,M,0
0,18.66,35852,16,4,1,1,F,1
0,18.79,27921,16,4,1,1,F,0
0,18.78,42921,15,4,1,1,F,0
0,18.89,32107,16,4,1,1,F,0
0,19.06,37874,16,4,1,1,F,0
0,17.42,25402,16,4,1,1,F,0
0,18.8,,13,4,1,0.945835869,F,0
0,18.97,60945,15,4,1,1,M,0
0,18.89,52701,16,4,1,1,F,0
0,18.25,,13,4,1,0.909525965,F,1
0,18.44,52701,14,3.892857143,1,0,F,0
0,18.72,41290,12,3.875,1,1,M,0
0,18.41,48090,16,4,1,1,M,0
0,18.16,60945,16,3.75,1,1,F,0
0,18.62,29585,15,3.875,0.8,1,F,0
0,19.01,49375,15,3.5,1,1,M,0
0,18.25,41290,14,3.535714286,1,0,F,0
0,18.86,39432,15,3.8,1,1,M,0
0,18.84,37149,14,4,1,1,F,0
0,18.56,67761,16,3.625,1,1,F,0
0,18.49,,16,3.59375,1,1,M,0
0,18.35,54861,15,3.366666667,1,1,F,0
0,18.31,78527,16,4,1,1,F,0
0,18.31,52373,15,4,1,1,M,0
0,18.61,69809,16,3.71875,1,1,M,0
0,19.46,31734,16,3.96875,1,1,M,0
0,18.7,39432,14,4,1,1,F,0
0,19.26,35362,15,3.2,1,1,M,0
0,19.08,41290,15,3.2,1,1,M,0
0,18.43,30608,16,3.125,1,1,M,1
0,18.89,40188,16,3.53125,1,1,M,0
0,18.62,70773,17,4,1,1,F,0
0,18.47,69809,16,3.625,1,1,M,0
0,19.15,196298,15,3.4,1,1,M,0
0,18.98,52321,15,4,1,1,F,0
0,18.27,,16,3.461538462,0.8125,1,F,0
0,18.64,69809,15,3.5,1,0,F,0
0,18.77,33221,15,3.633333333,1,1,M,0
0,18.06,52701,15,3.033333333,1,1,M,0
0,18.98,84847,15,3.666666667,1,1,F,0
0,18.23,96118,16,4,1,1,F,0
0,18.83,30401,13,2.961538462,1,1,F,0
0,18.69,52053,14,4,1,1,M,0
0,18.63,68458,14,3.785714286,1,1,F,0
0,19,45609,16,4,1,1,M,0
0,18.8,68458,16,3.78125,1,1,F,0
0,18.65,55973,15,3.4,1,0.850224215,M,1
0,18.19,70779,15,3.8,1,1,M,0
0,18.97,48627,17,4,1,1,M,1
0,18.82,91488,16,4,1,1,M,0
0,18.78,102239,14,3.571428571,1,1,M,0
0,18.17,,12,2.875,1,1,M,0
0,18.46,61599,14,3.464285714,1,1,F,0
0,19.18,29585,13,2.875,1,1,M,0
0,18.29,45609,16,3.875,1,1,M,0
0,18.45,39432,16,4,1,1,M,0
0,18.78,48627,16,3.34375,1,1,F,0
0,17.42,87290,15,3.2,1,1,M,1
0,18.47,74764,16,3.625,1,1,F,0
0,18.35,86488,12,4,1,1,F,0
0,18.38,73153,15,4,1,1,F,0
0,18.7,50145,13,4,1,1,F,0
0,18.36,50154,16,4,1,1,F,0
0,18.89,,12,3.125,1,1,F,1
0,17.67,48627,15,3.3,1,1,F,0
0,18.11,130655,14,3.75,1,1,M,0
0,18.51,55558,15,3.2,1,1,F,0
0,18.48,69057,16,3.5625,1,1,F,0
0,18.56,100571,15,3.333333333,1,1,M,0
0,18.44,91509,16,3.84375,1,1,M,0
0,17.35,31690,15,3.866666667,1,1,M,1
0,18.63,39627,16,2.65625,1,1,M,0
0,18.51,,15,3,1,1,M,0
0,19.62,46417,16,3.34375,1,1,F,0
0,19.1,54829,14,3.5,1,1,M,0
0,18.51,55619,16,3.75,1,1,M,0
0,19.11,69809,13,2.961538462,1,1,M,0
0,18.65,53075,16,3.875,1,1,F,1
0,18.53,,16,3.8125,1,1,M,0
0,18.89,68617,7,3,2.428571429,1,F,0
0,18.24,55235,15,3.8,1,1,M,0
0,18.46,41290,14,3.678571429,1,1,M,0
0,18.6,53075,14,3.5,1,1,F,0
0,18.54,61280,16,4,1,1,M,0
0,19.17,64067,15,4,0.8,1,F,0
0,18.07,55973,14,3.5,1,1,F,0
0,18.38,43125,13,3.653846154,1,0,F,0
0,19.1,100080,16,3.708333333,0.75,1,F,0
0,18.06,54000,16,3.653846154,0.8125,0.977678571,M,0
0,18.95,91488,15,3.8,1,1,F,0
0,19.05,43125,15,3.666666667,1,1,M,0
0,18.89,101884,15,3.8,1,1,F,0
0,18.43,87290,16,3.4375,1,1,F,0
0,18.6,87420,16,4,1,1,F,0
0,18.81,52212,16,3.90625,1,1,F,0
0,18.24,59537,14,3,1,1,F,0
0,18.5,52053,14,4,1,1,F,0
0,18.23,22983,17,3.705882353,1,1,F,0
0,18.31,46067,15,3.7,1,1,M,0
0,18.67,49649,14,3.357142857,1,1,M,0
0,18.46,117169,15,4,1,1,F,0
0,18.88,45609,15,4,1,1,F,0
0,18.91,91855,14,3.5,1,1,F,0
0,18.04,91855,15,3,1,1,M,1
0,18.57,37874,15,3.5,1,1,M,0
0,18.48,38038,13,3.653846154,1,1,M,0
0,18.32,61284,13,3.884615385,1,1,F,0
0,18.8,104372,16,3.71875,1,1,F,0
0,18.9,48511,16,3.71875,1,1,M,0
0,17.9,39432,16,3.176470588,1,1,F,0
0,17.42,87290,14,3.785714286,1,1,M,1
0,18.48,55619,12,4,1,1,F,0
0,18.42,39779,15,4,1,1,F,0
0,18.77,48511,15,3.7,1,1,M,1
0,18.15,91488,15,3.7,1,1,F,0
0,19.78,62404,15,4,1,0.98289226,M,0
0,19.13,59599,14,3.464285714,1,1,F,0
0,18.32,,13,2.807692308,1,1,F,0
0,18.47,50867,16,3.90625,1,1,M,1
0,17.37,60403,14,3.892857143,1,0.939087479,F,0
0,18.64,55235,15,4,1,1,M,0
0,18.95,74052,15,3.875,0.8,1,M,0
0,19.18,39428,16,2.78125,1,1,M,0
0,18.47,40188,13,3.107142857,1.076923077,1,M,0
0,18.12,83078,16,4,1,1,F,0
0,19.17,73195,13,3.75,0.923076923,1,M,0
0,18.16,68458,13,3.192307692,1,1,M,0
0,18.61,96840,16,3.8125,1,1,F,0
0,18.26,55973,15,2.8,1,1,M,0
0,18.78,37972,14,4,1,1,F,0
0,18.7,96118,14,3.892857143,1,1,M,0
0,18.69,52373,12,3.5,1,1,F,0
0,18.67,69542,13,4,1,1,F,0
0,18.67,70587,13,3.423076923,1,1,F,0
0,18.34,70587,15,3.733333333,1,1,F,0
0,18.3,43682,14,4,1,1,F,0
0,18.38,39442,13,3.884615385,1,1,F,0
0,18.74,36761,13,3.538461538,1,1,F,0
0,18.54,91488,16,3.59375,1,1,M,0
0,18.25,41506,15,3.266666667,1,1,F,0
0,18.82,101884,15,3.4,1,1,M,0
0,18.82,57694,15,4,1,1,F,0
1,18.52,47646,14,3.25,1,1,F,0
0,18.45,74889,14,3.678571429,1,1,M,1
0,18.9,34877,17,3.352941176,1,0.92957314,M,0
0,18.91,60238,15,2.875,0.8,0.973333333,M,0
0,17.26,65699,16,3.4375,1,1,F,0
0,18.23,117169,16,3.8125,1,1,F,0
0,18.18,43536,15,3.5,1,1,M,0
0,18.71,56746,15,4,1,1,F,0
0,18.08,31033,6,3.5,1,1,M,1
0,18.82,83078,15,3.533333333,1,1,F,0
0,18.93,,15,3.4,1,1,M,0
0,18.7,65585,17,3.794117647,1,0.989575672,M,0
0,18.52,,15,3.9,1,1,M,0
0,18.39,102239,13,3.307692308,1,0,F,0
0,18.76,36761,14,3.464285714,1,1,M,0
0,18.38,46833,14,3.714285714,1,1,M,0
0,18.76,70095,13,3.461538462,1,1,F,0
0,18.9,52701,15,3.6,1,1,F,1
0,18.4,87290,14,3.071428571,1,1,F,0
0,18.69,36761,15,3.4,1,1,F,0
0,18.9,74764,13,3.884615385,1,1,F,0
0,17.95,70561,15,3.8,1,0.723528151,F,0
0,19.87,60254,15,3,1,1,M,0
1,18.67,21417,14,3.071428571,1,1,F,0
0,19.47,46007,16,4,1,0.89953792,M,0
0,18.28,87420,15,3.633333333,1,1,F,0
0,18.24,56446,15,3.8,1,1,M,0
0,19.47,103951,15,3.333333333,1,1,M,0
0,18.81,70081,16,3.625,1,1,F,0
0,18.52,101884,16,3.71875,1,1,F,0
0,18.86,100571,15,2.766666667,1,1,M,0
0,18.96,78527,13,2.730769231,1,0,F,0
0,18.45,84847,13,3.538461538,1,1,M,0
0,18.09,86488,15,2.866666667,1,1,M,0
1,18.84,71140,16,3.875,1,1,M,0
0,17.77,62452,15,4,1,1,F,0
0,19.12,87420,15,3.6,1,1,M,0
0,18.93,101884,16,3.71875,1,1,M,0
0,18.28,51074,13,2.576923077,1,1,M,0
0,18.66,49410,16,4,1,1,F,0
0,18.16,74889,13,2.961538462,1,1,F,0
0,18.57,61284,12,3.125,1,1,F,0
0,18.86,36761,13,3.307692308,1,1,F,0
0,18.67,34472,13,3.526315789,1,1,M,1
0,18.56,117169,16,3.8125,1,1,M,0
0,18.1,87420,15,3.066666667,1,0.942288977,M,0
0,18.67,35154,15,3.3,1,1,F,0
0,18.86,37983,14,3.285714286,1,1,F,0
0,18.11,59459,15,3.5,0.8,1,F,0
0,18.81,55619,17,3.647058824,1,1,M,0
0,18.67,30608,14,3.571428571,1,1,F,0
0,19.04,41506,15,3.166666667,1,1,F,0
0,18.39,59198,16,3.28125,1,1,F,0
0,19.3,55973,15,4,1,1,M,0
0,18.35,42857,15,3.785714286,1,1,M,0
0,18.39,130655,15,3.533333333,1,1,F,0
0,18.38,58257,16,3.15625,1,1,F,0
0,19,100571,12,3.125,1,1,F,0
0,18.61,70587,14,3.571428571,1,1,F,0
0,18.62,33528,14,3.678571429,1,1,F,0
0,18.59,52373,15,3.2,1,1,M,0
0,19.33,83078,15,3.8,1,1,M,0
0,18.08,,16,4,1,0.923032108,F,0
0,18.36,98838,15,3.266666667,1,1,M,0
0,18.82,71140,13,3.769230769,1,1,M,0
0,18.48,70561,16,3.625,1,1,F,0
0,19.07,43125,13,3.076923077,1,1,F,0
0,18.5,117169,16,3.71875,1,1,M,0
0,18.6,37453,13,3.230769231,1,1,M,0
0,18.9,46878,13,2.763157895,1,1,F,0
0,18.2,,12,3.125,1,1,F,0
0,18.59,41745,15,3.733333333,1,1,M,0
0,18.52,123244,13,3.307692308,1,1,M,0
0,20.25,48511,17,3.823529412,1,0.970570023,M,0
0,19.49,30993,13,3,1,1,M,0
0,17.91,69542,14,3.607142857,1,1,F,0
0,18.7,74144,16,4,1,1,F,0
1,18.49,67586,14,3.642857143,1,1,F,0
0,18.77,33221,16,3,1,1,M,0
0,18.52,20147,13,3.692307692,1,1,F,0
0,18.57,50888,15,4,0.8,1,F,0
0,18.62,39432,15,3.1,1,1,M,0
0,18.96,45919,15,3.533333333,1,1,F,0
0,18.88,54591,14,3.571428571,1,1,F,0
0,18.15,41118,16,2.71875,1,1,M,0
0,18.67,49649,14,2.714285714,1,1,M,0
0,18.07,39779,14,3.464285714,1,1,F,0
0,18.07,40188,14,2.692307692,1,0.703228121,F,0
0,18.53,100571,15,3.25,0.8,1,F,0
0,18.78,38168,12,2.875,1,1,M,0
0,18.63,86488,15,3.4,1,1,M,0
0,18.88,64630,14,3.75,1,1,M,0
0,18.7,55619,13,3.423076923,1,1,F,0
0,19.78,62404,16,3.4375,1,0.623020707,M,0
0,18.49,100571,16,3,1,1,M,0
0,18.88,60304,13,3.538461538,1,1,M,0
0,18.54,61652,16,2.90625,1,1,M,0
0,18.95,30993,14,3,0.857142857,1,M,0
0,18.07,73153,14,3.107142857,1,1,M,0
0,18.31,33309,16,4,0.8125,1,F,0
0,18.86,100149,13,3.307692308,1,1,F,0
0,18.64,58257,18,3,1,1,M,0
0,18.86,37453,13,3.076923077,1,1,F,0
0,18.77,70081,14,3.714285714,1,1,F,0
0,18.99,64067,16,2.9,0.9375,1,F,0
0,18.49,43294,15,3.7,1,1,F,0
0,18.69,60254,12,2.75,1,1,F,0
0,18.66,53377,17,3.823529412,1,1,F,0
0,18.87,,16,2.5625,1,1,M,0
0,18.37,55619,15,3.4,1,1,M,0
0,19.13,43125,13,2.807692308,1,1,M,0
0,18.86,55619,13,3.384615385,1,1,F,0
0,18.53,33979,13,4,1,1,F,0
0,18.94,106984,15,3.7,1,1,F,0
0,18.53,91488,16,2.90625,1,0.742639429,M,0
0,19.38,98838,15,3.5,1,1,M,0
0,18.52,58257,12,3.727272727,1,1,F,0
0,18.21,71485,16,3.8125,1,1,F,0
0,19.26,58816,16,3.34375,1,1,F,0
0,18.57,55506,13,2.961538462,1,1,M,0
0,17.92,39442,14,3.678571429,1,1,F,0
0,18.93,59198,15,3.4,1,1,F,0
0,18.29,62404,12,3.125,1,0,F,0
0,18.42,37011,13,3.269230769,1,1,M,0
0,18.78,52931,16,4,1,1,M,0
0,18.67,57510,15,3.866666667,1,1,F,0
0,18.23,71263,19,3.473684211,1,1,F,0
0,18.46,74191,15,3.066666667,1,1,M,0
0,17.03,101884,15,4,1,0.845492866,F,1
0,18.03,70587,16,3.5625,1,1,F,0
0,18.73,98480,16,3.3125,1,1,F,0
0,19.14,96118,13,3.769230769,1,1,M,0
0,18.94,60597,18,3.444444444,1,1,F,0
0,18.98,30300,14,3.678571429,1,0.857434336,F,0
0,18.97,38548,12,2.875,1,1,F,0
0,18.38,30608,15,2.625,0.6,1,F,0
0,18.08,82620,15,3.266666667,1,1,F,0
0,18.46,55619,15,3.3,1,1,M,0
0,18.43,50145,15,2.933333333,1,1,F,0
0,18.45,117169,13,3.192307692,1,1,F,0
0,18.14,66786,15,3.6,1,1,F,0
0,18.8,40155,15,2.6,1,1,F,0
0,18.15,100571,15,2.8,1,0.354179316,F,0
0,18.6,101884,15,3.3,1,1,F,0
0,18.81,42819,15,3.1,1,1,M,0
0,18.03,58816,16,3.625,1,1,M,0
0,18.5,69542,16,2.875,1,0.943454801,M,1
0,18.83,100571,15,3.2,1,1,F,1
0,18.68,41521,15,3.266666667,1,1,F,0
0,19.47,68458,12,2.473684211,1,1,F,0
0,18.94,69809,15,3.875,0.8,1,F,0
0,18.1,35362,14,3.142857143,1,1,F,0
0,19.08,64630,15,2.933333333,1,1,M,1
0,18.77,78428,15,2.533333333,1,1,F,0
0,18.04,44042,16,4,1,1,F,0
0,18.35,99422,16,4,1,1,F,0
0,18.63,84847,12,3.166666667,1,0,M,0
0,18.86,101884,15,3.233333333,1,1,F,0
0,18.32,39779,15,3.2,1,0.954527909,F,0
0,18.69,87290,15,2.533333333,1,0.928910718,F,1
0,18.46,40188,12,4,1,1,F,0
0,18.57,46878,14,4,1,1,F,0
0,17.92,46878,15,4,1,1,F,0
0,18.75,63889,16,4,1,1,F,0
0,18.94,98838,15,2.9,1,1,M,0
0,18.89,26522,15,2.9,1,1,M,0
0,18.59,71852,13,3.153846154,1,0.85279304,M,0
0,18.1,47014,13,3.538461538,1,1,F,1
0,18.5,70081,17,3.117647059,1,1,F,0
0,18.32,98480,14,4,1,1,M,0
0,18.35,40155,12,3,1,1,M,0
0,18.77,52373,13,2.769230769,1,0.475129702,F,0
0,18.03,91488,15,2.866666667,1,1,F,0
0,17.92,54000,15,4,1,0.976598174,M,0
0,18.86,48804,12,2.875,1,1,M,0
0,18.05,36301,15,3.7,1,1,F,0
0,18.23,60945,16,4,1,0.710835802,F,0
0,18.13,100571,14,3.785714286,1,1,M,0
0,18.08,82620,16,3.90625,1,1,F,0
0,18.6,,16,2,1,1,M,0
0,18.8,86488,16,3.21875,1,1,F,0
0,18.18,,16,3.53125,1,1,F,0
0,19.17,96118,15,2.6,1,1,M,0
0,18.55,100571,15,2.7,1,1,F,0
0,18.29,123244,16,3.375,1,1,M,0
0,18.55,30953,16,3,1,1,F,0
0,18.34,76795,16,3.65625,1,1,F,0
0,18.43,70561,15,3.233333333,1,1,F,0
0,18.01,70773,16,3.9375,1,1,F,0
0,18.75,66746,17,3.8125,1,1,F,0
0,18.72,51702,15,2.9,1,1,F,0
0,18.97,51679,14,3.428571429,1,1,M,0
0,18.36,91488,13,2.807692308,1,1,F,0
0,18.94,43125,15,2.714285714,1,0.97107634,M,0
0,18.46,70561,15,3.2,1,1,M,0
0,18.06,91488,16,2.8125,1,1,M,1
0,18.17,33309,12,2.75,1,0.408258267,F,0
0,18.68,37972,16,3.8125,1,1,F,0
0,18.3,56634,14,3.214285714,1,1,M,0
0,18.47,93929,15,2.1,1,1,F,0
0,18.76,117169,14,3.25,1,1,M,0
0,18.96,101884,17,3.117647059,1,1,M,0
0,18.26,49211,15,3.266666667,1,1,F,0
0,18.38,86988,16,3.8125,1,1,F,0
0,18.54,54433,16,3.625,1,1,F,0
0,18.47,35544,15,3.5,1,1,F,0
0,18.82,32862,15,3.4,1,1,M,0
0,18.24,54829,15,3.4,1,1,M,0
0,18.44,30401,13,2.961538462,1,1,F,0
0,19.62,130655,12,3.444444444,1,0,M,0
0,17.92,67806,13,3.052631579,1,1,F,0
0,18.46,130655,16,3.8125,1,1,F,0
0,18.18,53075,16,2.71875,1,1,F,0
0,18.48,55619,14,3.5,1,1,M,0
0,18.37,31894,12,4,1,1,F,0
0,18.41,,16,2.78125,1,0.972642508,F,0
0,18.59,70587,14,2.875,1,1,F,0
0,18.17,64630,13,3.346153846,1,1,M,0
0,18.99,48804,16,2.71875,1,1,M,0
0,18.78,37164,15,3.125,1,1,M,0
0,18.46,30401,14,2.928571429,1,1,F,0
0,17.3,75689,17,3.382352941,1,1,M,0
0,18.08,83078,16,2.59375,1,1,M,0
0,18.79,130655,16,2.96875,1,1,M,0
0,18.45,47369,16,3.5,1,1,F,0
0,18.67,83078,13,2.692307692,1,1,F,0
1,18.22,70081,15,4,1,0.869056375,M,0
0,18.97,60597,15,3.133333333,1,1,M,0
0,18.42,34661,12,3.375,1,1,M,0
0,19.26,96118,16,3.4375,1,1,F,0
0,18.59,40188,15,3.766666667,1,1,F,0
0,17.93,52207,16,3.5,1,1,F,1
0,19.16,36761,15,4,0.8,1,M,0
0,18.17,104844,13,2.884615385,1,0.33859508,F,0
0,17.88,104372,15,2.7,1,1,M,0
0,18.7,59318,16,4,1,1,F,1
0,18.82,65585,15,3.5,1,1,M,0
0,19.01,83078,15,3.022727273,1,0,F,0
0,18.17,69542,13,4,1,1,M,0
0,17.71,56356,15,2.966666667,1,1,F,1
0,18.08,88852,13,3.078947368,1,0,F,0
0,18.49,55973,14,3.642857143,1,1,F,0
0,18.73,53377,16,3.8125,1,1,F,0
0,18.64,74135,14,4,1,1,F,0
0,18.41,91509,15,3.3,1,1,M,0
0,18.35,83078,15,3.5,0.8,1,M,0
0,18.39,48627,16,3.46875,1,1,F,0
0,18.83,96840,16,3.46875,1,1,F,0
0,18.07,46417,15,3,0.8,1,F,0
0,18.32,71263,14,3.5,1,1,F,0
0,18.25,48511,14,3.714285714,1,1,F,0
0,18.31,,15,3,1,1,F,0
0,18.02,49211,16,3.8125,1,0.69980348,F,0
0,18.46,102239,15,2.5,1,1,M,0
0,18.48,20147,16,3.65625,1,0.938289109,M,0
0,18.99,39442,16,3.28125,1,1,M,0
0,18.15,60945,14,3,1,1,M,0
0,18.88,104035,15,3.4,1,1,F,0
0,19.27,87985,16,3.90625,1,1,M,0
0,18.97,39432,15,3.6,1,1,F,0
0,17.82,80627,15,2.866666667,1,1,M,0
0,18.72,59318,16,3.875,1,1,F,0
0,18.61,36856,16,3.8125,1,1,F,0
0,18.31,55619,12,3,1,1,F,0
0,18.35,55506,15,3,1,1,F,0
0,18.73,100571,16,2.4375,1,1,F,0
0,18.72,100571,14,3.464285714,1,1,M,0
0,18.11,59497,15,2.619047619,1,0,F,0
0,18.72,21417,15,3.8,1,1,F,0
0,18.35,56634,16,3,1,1,F,0
0,18.61,70561,15,2.9,1,1,M,0
0,18.54,56446,13,3.653846154,1,1,F,0
0,18.75,43458,17,2.941176471,1,1,M,0
0,18.72,64067,16,2.96875,1,0.967081493,F,1
0,18.26,35865,16,3.34375,1,1,M,0
0,18.34,55619,15,2.9,1,1,M,0
0,18.43,60945,14,3.357142857,1,1,M,0
0,18.34,60861,12,2.75,1,1,M,0
0,18.33,99422,14,3.642857143,1,0,F,0
0,18.64,46007,14,3.142857143,1,0.795448601,M,0
0,18.59,45919,16,4,1,0.805818922,F,0
1,18.17,78428,15,3.6,1,1,M,0
0,18.92,37874,15,4,1,1,F,0
0,18.98,76814,16,3.90625,1,1,F,0
0,18.16,70081,13,3.576923077,1,1,F,0
0,18.21,59198,14,3.2,1,1,F,1
0,18.95,92154,15,3.2,1,0.924714526,M,0
0,18.15,55558,15,3.3,1,1,F,0
0,18.94,49659,15,2.933333333,1,1,M,0
0,18.7,62648,12,2.958333333,1,1,M,0
0,18.75,37011,15,2.8,1,1,M,0
0,18.19,46470,16,2.8,1,1,M,1
0,19.21,46091,15,3.9,1,1,M,0
0,18.59,54000,15,3.3,1,0.582548552,F,0
0,18.52,41290,15,2,0.8,1,M,1
0,18.64,68458,16,3.625,1,1,M,0
0,18.07,48266,15,3.8,1,0.938067151,F,1
0,18.13,99422,15,3.6,1,1,F,0
0,18.94,43125,13,3.884615385,1,1,F,0
1,18.59,69809,15,3.933333333,1,1,F,0
0,18.38,100571,15,3.9,1,1,F,0
0,18.48,90014,17,3.764705882,1,1,F,0
0,18.46,104844,13,2.769230769,1,1,M,0
0,18.6,43125,12,3.875,1,1,F,0
0,18.18,51679,15,3.1,1,1,F,0
0,18.43,21417,16,3.71875,1,1,M,0
0,18.9,87420,13,3.769230769,1,1,M,1
0,18.26,61599,15,3.333333333,1,0,M,0
0,18.05,98838,13,4,1,1,F,0
0,18.35,82706,14,3.225,1,1,F,0
0,18.91,20147,15,3.5,0.866666667,1,F,0
0,18.6,44673,14,3.75,1,1,F,0
0,18.48,,15,3.066666667,1,1,M,0
0,18.98,51923,15,3.133333333,1,1,M,0
0,18.46,76814,16,2.84375,1,1,M,0
0,19.17,40649,16,2.90625,1,1,M,0
0,18.83,87290,12,3.625,1,1,F,0
0,19.03,91488,12,4,1,1,F,0
0,17.79,91488,16,4,1,1,F,0
0,18.7,98838,14,2.464285714,1,1,M,1
0,18.63,96840,16,3.6875,1,1,M,0
0,18.33,104372,14,2.464285714,1,0,F,0
0,19.12,49284,14,4,1,1,M,0
0,18.51,44673,12,3.75,1,1,M,0
0,18.73,104372,13,4,1,1,F,0
0,18.72,60597,16,2.84375,1,1,F,0
0,18.91,56233,16,2.588235294,1.0625,1,M,0
0,18.67,71926,16,3.40625,1,1,F,0
0,18.34,69485,12,3.75,1,1,F,0
0,18.75,69635,15,2.566666667,1,1,F,0
0,18.13,100571,15,3.8,1,1,F,0
0,18.48,32283,12,1.944444444,1,0,F,0
0,18.6,42324,15,3.2,1,1,F,0
0,18.23,59599,14,3.615384615,0.928571429,1,M,0
0,20.33,70081,14,3.392857143,1,1,M,0
0,18.41,69809,15,3.1,1,1,M,0
0,18.24,130655,15,3.3,1,1,M,0
0,18.92,50145,15,2.766666667,1,1,F,1
0,19,60887,14,3.571428571,1,1,M,0
0,18.87,69485,13,3.730769231,1,0.948083011,F,0
0,18.4,100149,15,3.8,1,1,F,0
0,19.28,83078,16,4,1,0.828786231,F,0
0,18.77,71485,16,3.46875,1,0.669294373,F,0
0,18.87,49375,14,1.5,1,1,F,1
0,18.86,98480,15,3.6,1,0.969817675,M,0
0,18.91,98838,13,3.884615385,1,0.165220983,F,0
0,18.26,63889,14,2.766666667,1.071428571,1,M,0
0,19,62199,15,3.2,1,1,F,0
0,18.43,37874,15,3.666666667,1,1,M,0
0,18.43,98480,16,2.692307692,0.8125,1,M,1
0,18.78,83078,16,3,0.8125,1,F,1
0,18.57,21417,14,3.571428571,1,1,F,0
0,18.86,43536,16,3.625,1,1,F,0
0,18.86,48092,16,3.625,1,1,F,0
0,18.53,45313,17,2.852941176,1,1,M,0
1,18.95,53075,15,3.4,1,1,M,0
0,18.45,46833,13,2.615384615,1,1,M,0
0,18.38,68458,16,3.692307692,0.8125,0.952612099,F,0
0,18.25,68458,16,3.5,0.9375,1,F,0
0,18.54,21417,14,3.538461538,1,1,F,0
0,18.04,40272,13,3.307692308,1,0.866687638,M,0
0,18.14,33309,14,3.892857143,1,1,M,0
0,18.63,46007,14,4,1,1,F,0
0,18.22,,13,3.730769231,1,1,F,0
0,18.08,65978,16,1.75,1,1,F,0
0,19.04,39620,13,2.769230769,1,1,M,0
0,18.69,41007,15,3.133333333,1,1,F,0
0,18.97,30090,15,3.1,1,0,M,0
0,19.33,71250,12,3.875,1,1,M,0
0,18.81,20147,16,3.1875,1,1,M,1
0,18.46,70561,15,3.4,1,1,F,0
0,18.72,96118,15,3.1,1,1,M,0
0,18.2,60887,13,3.5,1,1,M,0
0,18.7,42324,15,3.1,1,0,F,0
0,18.95,74144,15,3.1,1,1,F,0
0,18.17,50183,14,3.571428571,1,1,F,0
0,19.46,,12,3.125,1,1,F,0
0,18.48,82706,16,1.625,0.8125,1,M,0
0,18.84,40788,15,2.766666667,1,1,F,1
0,18.36,65699,15,3.5,1,1,F,0
0,17.98,91488,16,2.75,1,1,M,0
0,17.96,46417,16,3.1875,1,1,M,0
0,18.67,76680,16,3.8125,1,1,F,0
0,18.31,52373,15,3.733333333,1,1,F,0
0,18.37,70779,16,2.692307692,1,1,F,0
0,18.49,51679,16,3.34375,1,1,M,0
0,18.48,68458,15,3.333333333,1,1,F,0
0,18.58,33979,15,3.866666667,1,0.831620304,M,0
0,18.97,98480,14,3.357142857,1,1,F,0
0,18.27,87290,13,3.423076923,1,1,F,0
0,18.48,106984,15,2.933333333,1,0,M,0
0,19.18,49068,15,4,1,1,F,0
0,18.26,96118,15,3.2,1,1,F,0
0,18.62,74191,15,2.6,0.8,1,M,0
0,18.99,48266,17,3.529411765,1,1,F,0
0,18.8,30202,16,3.28125,1,1,F,0
0,18.38,78527,15,2.5,1,1,M,0
0,18.31,38206,16,2.1875,1,1,M,1
0,18.6,87420,16,4,1,1,F,0
0,18.3,40155,15,3.8,1,0.991415101,M,0
0,18.97,39779,16,3.90625,1,1,M,0
0,18.59,59508,15,3.6,1,1,M,0
0,18.8,75242,16,2.875,1,1,F,0
0,18.69,41539,15,3.5,1,1,F,0
0,18.55,70095,13,3.769230769,1,1,F,0
0,19.28,84901,15,3.533333333,1,1,M,0
0,18.38,70561,16,3.125,1,1,M,0
0,18.64,91509,15,4,1,1,F,1
0,18.5,35484,13,4,1,1,F,0
0,17.89,59599,16,2.6875,1,1,F,0
0,18.54,40111,16,2.541666667,0.8125,1,M,0
0,18.54,68458,16,2.230769231,0.8125,1,M,1
0,18.06,59599,15,2.6,1,1,F,0
0,18.28,78527,15,2.433333333,1,1,F,0
0,18.92,84539,14,3.535714286,1,0,F,0
0,17.1,49211,14,3.142857143,1,1,M,0
0,18.3,92154,15,3.1,1,1,F,0
0,19.03,48804,13,2.653846154,1,1,M,0
0,19.58,56621,16,4,1,1,M,0
0,19.04,45919,16,2.2,0.9375,1,M,0
0,18.26,37453,16,3.71875,1,1,F,1
0,18.23,58426,15,2.7,1,1,F,0
0,18.34,58101,17,3.470588235,1,1,M,0
0,18.22,45263,14,3.678571429,1,1,F,0
0,17.97,87420,15,2.4,1,1,F,0
0,19.25,100571,14,2.071428571,1,0,M,0
0,18.75,36343,15,3.666666667,1,1,M,0
0,18.48,73153,15,3.7,1,1,F,1
0,18.84,77724,15,2.9,1,1,F,0
0,18.75,74135,14,3.5,1,1,F,0
0,18.67,30608,13,4,1,1,M,0
1,18.74,40457,15,3.766666667,1,1,F,0
0,18.69,70561,16,4,1,1,F,0
0,18.93,55619,14,3.678571429,1,1,F,1
0,18.81,55973,12,2.833333333,1,1,F,0
0,19.05,100571,16,2.730769231,0.8125,1,M,0
0,18.39,47646,13,2.923076923,1,1,F,0
0,18.51,41007,15,2.976190476,1,0,F,0
0,18.85,86488,16,2.53125,1,1,F,0
0,18.59,64139,15,3.9,1,1,F,0
0,18.97,69809,16,2.807692308,0.8125,1,F,0
0,18.07,54356,16,3.4375,1,1,F,0
0,18.69,50183,15,2.75,0.8,1,M,0
0,18.37,90014,15,3.9,1,1,F,0
0,17.4,52701,8,1.857142857,0.625,0.913516815,M,0
0,19.11,79049,15,3,1,1,F,0
0,17.79,54066,16,2.84375,1,1,F,0
0,18.91,90014,16,3.90625,1,1,F,0
0,18.18,82706,17,3.323529412,1,1,M,0
0,17.25,48511,18,3.970588235,0.944444444,1,F,0
0,18.07,96840,15,3.5,1,1,F,0
0,18.34,71263,15,3.466666667,1,1,M,0
0,18.33,51923,15,3.266666667,1,1,M,0
0,19.03,48090,15,3.5,1,1,M,0
0,18.06,130655,15,3.25,0.8,1,M,0
0,18.03,35291,14,2.928571429,1,1,F,1
0,18.12,96118,16,3.09375,1,1,M,0
1,19.05,71852,13,4,1.076923077,1,F,0
0,17.71,65699,17,3.323529412,1,1,F,0
1,18.8,51937,15,3.9,1,1,M,0
0,18.14,41521,16,3.076923077,0.8125,1,M,0
0,18.48,48340,17,3.625,1,1,F,0
1,17.78,104372,15,2.1,1,1,F,0
0,18.54,64139,15,3.8,1,1,F,0
0,18.72,35544,15,2.2,0.8,0.84269343,F,0
0,18.26,64630,15,3.8,1,1,F,0
0,18.86,31734,15,2.5,1,1,F,0
0,18.42,52466,13,3.423076923,1,0.686744433,F,1
0,18.91,64139,12,2.791666667,1,1,M,0
0,18.66,74135,12,2.25,0.75,1,M,0
0,18.37,43187,15,3.3,1,1,F,0
0,18.41,48245,13,2.961538462,1,1,M,0
0,18.16,50154,15,3.6,1,1,F,0
0,18.84,38619,14,4,1,1,F,0
0,17.98,130655,16,2.3125,1,1,F,0
0,18.71,55558,15,3.285714286,1,1,M,0
0,18.62,91488,15,2.1,1,1,M,0
0,18.21,50867,15,2.75,0.8,1,F,0
0,18.92,63889,15,2.566666667,1,1,M,0
0,18.28,30090,15,2.333333333,1,1,M,1
0,19.36,98838,13,3.615384615,1,1,M,0
0,18.3,64630,15,3.766666667,1,1,F,0
0,18.66,49878,13,2.5,1,1,M,0
0,18.57,102561,16,3.576923077,0.8125,1,F,0
0,18.58,48092,14,3.357142857,1,1,M,0
0,18.11,48245,15,2.4,1,1,M,0
0,18.85,33528,14,4,1,1,F,1
1,18.54,56634,15,4,1,1,F,0
0,17.99,,16,2.28125,1,0,F,0
0,17.35,56235,16,2.96875,1,1,F,0
0,18.87,82706,15,2.8,1,1,M,0
0,18.29,48627,14,3.535714286,1,1,F,0
1,17.91,57510,15,2.571428571,0.933333333,0,M,0
0,18.23,51227,16,3.1875,1,1,M,0
0,18.52,52701,16,2.428571429,0.875,0.916537368,F,1
1,18.55,55235,16,4,1,0.851648352,F,0
0,18.95,70561,13,2.375,1,0,M,1
0,18.91,52373,12,3.5,1,1,M,0
0,18.6,43125,16,3.653846154,0.8125,1,F,0
0,18.22,130655,15,3.8,1,1,F,0
0,18.53,52466,13,1.807692308,1,1,F,0
0,18.37,49649,16,4,1,1,M,0
0,18.95,90014,15,3.8,1,1,M,0
0,18.49,86488,16,2.40625,1,1,M,0
0,18.24,,14,2.392857143,1,1,M,0
0,19.05,,15,2.9,1,0,M,0
0,18.86,52931,18,4,1,1,F,0
0,18.55,33221,15,4,1,1,F,0
0,18.94,30679,16,3.71875,1,0.847457627,M,0
0,18.29,31125,14,3.071428571,1,1,F,0
0,18.89,71485,15,3.6,1,1,M,0
0,18.51,43458,15,3.8,1,1,M,0
0,18.55,96118,15,3.8,1,1,M,0
0,18.95,23799,12,3.75,1,1,F,0
0,18.46,57510,16,3.59375,1,1,F,0
0,18.62,69635,16,2.65625,1,1,M,0
0,18.23,123244,15,2.5,1,1,M,0
0,18.11,30299,13,2.5,0.923076923,1,F,0
0,18.73,82114,13,3.692307692,1,1,F,0
0,18.51,39432,15,3.433333333,1,1,M,0
0,18.77,52212,12,3.625,1,1,F,0
0,18.23,130655,15,3.266666667,1,1,M,0
0,19.13,91509,12,3.75,1,1,M,0
0,18.7,70779,15,2.4,1,1,M,0
0,19.2,130655,16,3.076923077,0.8125,1,M,0
0,19.39,83078,14,2.456521739,0.857142857,0,F,1
0,18.97,59497,13,3.115384615,1,0.834761939,F,0
0,18.55,104844,14,2.178571429,1,0,F,0
0,18.35,20147,15,3.466666667,1,1,F,0
0,18.17,61284,15,3.5,1,1,M,0
0,19.34,36761,12,3.5,1,1,M,0
0,18.57,64139,16,3.647058824,1.0625,1,M,0
0,18.71,91509,15,3.7,1,1,F,0
0,18.46,56621,15,3.7,1,1,F,0
0,18.35,74191,16,3.03125,1,1,F,1
0,18.22,65978,12,2.916666667,1,0.786731413,F,0
0,18.25,48134,16,2.75,1,1,F,0
0,18.94,41506,15,2.928571429,1,1,M,0
0,18.17,35865,15,4,1,1,F,0
0,19.41,123244,16,4,1,1,M,0
0,18.05,70561,16,3.28125,1,1,F,0
0,18.13,61899,16,2.71875,1,1,F,0
0,18.36,,15,3.8,1,1,F,0
0,18.55,100571,15,1.8,1,1,M,0
0,18.43,101884,15,3.4,1,1,M,0
1,17.71,21950,14,2.714285714,1,0.963230904,F,0
0,18.52,43187,16,2.03125,1,1,M,0
0,18.89,30608,16,3.5,0.8125,1,F,0
0,18.67,37874,17,3.538461538,0.764705882,1,M,0
0,17.95,76680,17,2.5625,1,1,F,1
0,19.04,41290,13,1.730769231,1,1,M,0
0,18.91,71485,16,3.90625,1,1,F,0
0,18.53,82620,14,2.928571429,1,1,F,0
0,18.41,,13,3.423076923,1,1,F,1
0,18.23,70081,15,2.866666667,1,0.78033412,F,0
0,18.59,33979,15,4,1,1,F,0
0,19.01,69809,13,2.615384615,1,1,M,0
0,18.21,40155,15,3.566666667,1,1,M,1
0,18.48,60403,16,2.423076923,0.8125,1,M,0
0,18.45,96840,15,3.633333333,1,1,M,0
0,17.97,64301,15,2.4,0.8,1,F,0
0,18.53,35324,15,3.458333333,0.8,1,M,1
0,18.69,76814,15,3.7,1,1,M,0
0,18.33,70081,15,3.266666667,1,1,F,0
0,17.92,62738,16,3.3125,1,1,M,0
0,18.54,70561,15,2.261904762,1,0.500370151,F,1
0,18.11,69809,15,2.6,1,1,M,0
0,18.38,56446,16,3.142857143,0.875,1,F,0
0,18.77,59537,16,3.333333333,0.75,1,F,1
0,18.1,83078,15,2.466666667,1,1,M,0
0,18.61,35865,15,3.7,1,1,F,1
0,18.61,71140,12,2.7,0.75,0,F,0
0,18.43,56662,12,3.75,1,1,F,0
0,18.66,63482,15,3.2,1,1,F,0
0,18.72,59497,15,1.8,0.8,1,M,0
0,18.95,102561,13,4,1,1,F,0
0,18.77,69242,13,4,1,1,F,0
0,18.69,64301,16,3.125,1,1,F,0
0,18.8,36760,13,2.923076923,1,0.775503678,M,0
0,18.08,130655,15,3.916666667,0.8,1,F,0
0,18.24,,13,2.66,1,1,F,0
0,18.3,38589,16,3.96875,1,1,M,0
0,18.32,100571,12,3.25,1,1,F,0
0,18.76,70587,17,2.441176471,1,1,M,0
0,18.21,91488,15,3.1,1,1,M,0
0,18.29,78527,14,3.25,1,1,F,0
0,18.09,48266,16,2.28125,0.8125,1,M,0
0,18.17,56446,12,2.944444444,1,1,F,0
0,18.66,96118,15,2.861111111,0.8,0,F,0
0,19.09,83078,12,3.458333333,1,1,F,0
0,18.73,32391,15,2.6,1,1,F,0
0,18.83,63889,16,4,1,1,F,0
0,18.6,59198,16,2.1875,1,1,F,0
0,18.78,100571,16,3.21875,1,1,F,0
0,18.61,54066,15,3.566666667,1,1,M,0
0,18.5,30573,14,3.285714286,1,1,F,0
0,18.9,70561,13,2.230769231,1,1,M,0
0,19.02,31033,16,3.375,1,1,M,0
0,18.88,35324,14,3.107142857,1,1,M,0
0,17.7,70561,15,3.733333333,1,1,F,0
1,18.64,100571,14,3.678571429,1,1,M,0
0,18.5,87420,15,3.566666667,1,0.707765125,F,1
0,19.49,62404,16,4,1,1,M,0
0,18.19,106984,16,4,1,1,F,0
0,18.59,71485,14,3.590909091,0.857142857,1,F,1
0,19.33,91855,13,3.538461538,1,1,M,0
0,18.19,62404,16,3.46875,1,0,F,0
0,18.42,70000,15,3.266666667,1,0.958251366,M,1
0,18.35,61284,16,3.34375,1,1,F,0
0,17.87,101884,13,2.272727273,0.923076923,1,M,0
0,18.29,104372,16,3.34375,1,0.524420024,F,0
0,18.45,71852,15,2.1,1,0.74915562,F,0
0,18.82,30175,15,4,1,1,F,0
0,18.82,98838,15,4,1,1,F,0
0,18.69,74191,14,2.363636364,0.642857143,1,M,0
0,18.97,70561,12,3.75,1,1,F,0
0,18.77,44577,13,2.5,0.923076923,1,M,0
0,17.1,61082,16,3.59375,1,1,F,0
0,18.54,54269,15,3.9,1,1,M,0
0,18.35,65699,12,3,1,1,F,0
0,18.28,83078,15,2.5,1,1,M,0
0,19.13,35865,14,3.892857143,1,1,M,0
0,17.76,69635,15,2.625,0.8,1,F,0
0,18.23,71140,12,2.25,1,1,F,0
0,18.6,40795,16,2.65625,1,1,F,0
0,18.88,96840,16,3.46875,1,1,F,1
0,18.02,71852,13,3.576923077,1,1,M,0
0,18.4,53075,15,3.3,1,0.653643689,F,0
0,18.08,53601,16,2.84375,1,1,F,0
0,18.59,69485,16,3.346153846,0.8125,1,F,0
0,18.83,82620,15,2.8,1,1,F,0
0,19.23,52373,13,3.230769231,1,1,M,0
0,18.39,37011,15,3.566666667,1,0.867515378,M,0
0,18.7,37149,14,3.785714286,1,1,F,0
0,18.25,35325,13,2.038461538,0.769230769,1,F,0
0,18.9,98838,15,3.3,1,1,M,0
0,18.28,50379,15,2.85,0.733333333,0.568570677,M,0
0,18.1,117169,16,2.1875,1,1,F,0
0,18.58,60254,16,3.25,1,1,F,0
0,18.91,46995,13,3.192307692,1,1,F,0
0,18.27,78428,16,3.28125,1,1,M,0
0,18.74,57510,15,3.7,1,0.915801397,F,0
0,17.68,74052,15,3.214285714,1,1,F,0
1,18.04,104844,14,4,1,1,M,0
0,18.17,61284,13,3.230769231,1,1,F,0
0,18.01,38370,15,3.5,1,1,M,0
1,19.2,73938,14,3.464285714,1,1,F,1
1,18.33,74052,15,2.1,1,0.68771135,M,1
0,18.33,62738,15,3.6,1,1,F,0
0,18.45,69268,15,2.7,1,0,M,0
0,18.61,40457,15,4,1,1,F,1
0,18.64,62417,14,2.785714286,1,1,F,0
0,18.36,53075,14,3.035714286,1,1,F,0
0,18.29,69485,12,3.708333333,1,0.660871011,F,0
0,18.15,87985,16,3,1,1,M,0
0,19.01,50183,15,3,1,1,M,0
0,18.24,43294,16,1.84375,1,1,M,0
0,18.53,75689,15,2.9,1,1,M,0
0,18.13,64301,13,4,1,1,F,1
0,18.88,32391,13,4,1,1,F,0
0,18.93,32283,13,2.763157895,1,0,F,0
1,18.94,45090,15,1.866666667,1,1,M,0
0,18.2,56662,15,3.866666667,1,1,F,0
0,18.72,82114,18,4,1,1,F,0
0,17.86,,13,3.5,1,1,F,1
0,18.84,104035,15,2.5,1,1,M,0
0,18.77,65699,16,2.5,1,1,M,0
0,18.81,82706,13,2.423076923,1,1,M,1
0,18.68,53601,14,2.785714286,1,1,M,0
0,19.04,89891,14,1.875,0.785714286,0,M,0
0,19.12,35865,13,3.5,1,1,M,0
0,18.84,73195,12,2.75,1,0,F,0
0,19.02,,15,3.7,1,1,M,0
0,18.95,21417,13,3.269230769,1,0.715077821,F,1
0,19.14,84847,13,1.9,1,1,F,0
0,18.05,40032,16,2.5,0.75,1,M,0
0,19.04,38718,15,4,1,1,M,0
0,18.63,35720,17,4,1,1,M,0
0,18.92,30145,13,3.153846154,1,0.893366078,F,0
0,18.26,59318,15,3.4,1,1,F,1
0,19,48804,16,2,0.75,1,M,0
0,18.21,55619,13,3.5,1,1,F,0
0,18.48,55619,13,2.5,0.615384615,1,F,1
0,18.44,60597,15,3.678571429,1,1,F,0
0,18.26,91488,15,3.6,1,1,F,0
0,18.4,43294,16,3.8125,1,1,F,0
0,18.55,43125,15,2.933333333,1,1,F,0
1,18.33,55973,15,2.9,1,1,F,0
0,18.97,25405,16,2.90625,1,1,F,0
0,18.22,42857,15,4,1,0.984727627,F,0
0,18.97,59198,15,3.566666667,1,1,F,1
0,18.97,31845,16,2.9375,1,0.982803207,M,1
0,18.51,,14,3.142857143,1,1,F,0
0,18.1,52373,15,3.1,1,1,M,1
1,18.18,65585,15,2.9,1,1,M,0
0,18.37,51937,15,3.4,1,1,F,0
0,19.2,101884,12,3.041666667,1,1,F,0
0,18.48,75204,15,4,1,1,F,0
0,18.9,30145,13,3.115384615,1,0.979528875,F,1
0,18.81,49878,15,3.6,1,1,M,0
0,18.32,63889,15,2.7,1,1,F,0
0,18.76,99422,15,3,0.8,1,F,0
0,18.62,43125,15,3.6,1,1,M,0
0,18.13,54269,16,3.71875,1,1,M,0
1,18.92,35484,15,2.366666667,1,1,M,0
0,18.05,117169,15,3.6,1,1,F,0
0,18.97,76814,15,4,1,1,F,0
0,18.5,78527,14,3.678571429,1,1,F,0
0,18.92,,15,2.625,0.8,0.993763531,M,0
0,19.19,35362,12,3.75,1,1,M,0
0,16.99,35865,15,3.4,1,1,F,0
0,19.35,49649,12,3.583333333,1,0,M,0
0,18.09,130655,16,3.375,1,0.408736748,F,0
0,18.53,96118,15,3,0.666666667,0.506602922,F,0
0,18.95,41007,15,2.866666667,1,0,F,0
0,18.54,30608,14,2.928571429,1,1,F,1
0,18.49,,13,4,1,1,F,0
0,18.42,35324,15,3.125,0.8,1,F,0
0,18.21,35865,15,3.7,1,1,M,0
0,19.08,34706,15,3.033333333,1,1,F,0
0,18.89,82706,14,3.857142857,1,1,F,0
0,18.92,65585,13,2.807692308,1,1,F,0
0,18.74,70821,12,4,1,1,F,0
0,18.58,78428,15,3.1,1,1,F,0
0,18.21,75689,15,3.8,1,1,M,0
0,18.58,96118,15,3.4,1,0.892451114,M,0
0,18.5,70561,15,2.866666667,1,1,M,0
0,18.34,51949,15,1.761904762,0.866666667,1,F,0
0,18.87,61899,13,2.84375,1,1,M,0
0,18.81,,16,3.5625,1,1,M,1
0,18.45,102239,15,3,1,0,M,0
0,19.11,65699,13,3.307692308,1,1,M,0
0,19.05,42324,17,3.911764706,1,1,F,0
0,18.53,42443,12,2.625,1,1,F,1
0,18.6,102561,18,3.694444444,1,1,F,0
0,18.57,48134,13,3.538461538,1,1,F,0
0,18.92,60945,13,3.142857143,1.076923077,1,F,0
0,18.51,130655,16,3.375,1,1,M,0
0,18.8,,13,2.461538462,1,1,M,0
0,18.78,57510,14,2.285714286,0.785714286,0,M,0
0,18.74,70773,15,1.4,0.8,1,M,0
0,18.31,91488,13,2.071428571,0.615384615,0.782782274,F,0
0,18.19,,14,3.892857143,1,1,F,0
0,18.57,84847,14,3.892857143,1,1,F,0
0,18.98,86488,14,3.357142857,1,0,F,0
0,18.61,35362,15,3.1,1,0,M,0
0,18.68,54269,17,2.428571429,0.823529412,1,F,0
0,19.29,82620,15,2.6,1,1,M,0
0,18.81,86488,16,3.46875,1,1,F,0
0,18.55,70773,14,3.285714286,1,1,F,0
0,19,48627,14,3.475,1,0,F,0
0,19.08,59198,14,4,1,1,F,0
0,18.28,62404,14,3.214285714,1,1,F,0
0,18.17,26725,14,3.5,1,1,F,0
0,18.95,73195,15,3.035714286,1,0.88158033,M,1
0,18.52,78428,12,3.115384615,1.083333333,1,F,0
0,18.49,50867,15,3.75,0.8,1,F,0
0,17.99,60887,16,3.8125,1,1,F,0
0,18.37,92154,16,3.3125,1,1,M,0
1,18.55,40272,14,4,1,1,F,0
0,18.23,35301,12,4,1,1,F,0
0,18.23,130655,15,3.3,1,1,F,0
0,18.29,86488,15,3.9,1,1,M,0
0,19.18,73153,14,3.071428571,1,1,M,0
0,18.35,59459,14,2.571428571,1,1,F,0
0,18.74,43125,16,3.8125,1,1,F,0
1,18.88,,16,3.03125,1,1,F,0
0,18.43,104372,13,3.052631579,1,1,F,0
0,18.85,43457,15,2.1,1,1,M,0
0,19.06,52123,14,3.214285714,1,1,F,0
0,18.52,91509,15,3.3,1,1,M,0
0,18.77,45371,14,3.5,1,0.642133834,M,0
0,18.2,68662,16,2.8125,1,1,M,0
0,18.8,54000,15,2.6,1,1,F,0
0,17.94,62613,16,3.625,0.75,1,F,1
0,19.11,70587,13,1.692307692,1,1,M,0
0,18.51,74191,14,3.107142857,1,1,F,0
0,18.13,,13,1.692307692,0.769230769,1,F,0
0,19.36,69242,16,3.625,1,1,F,0
0,18.31,74191,12,3.083333333,1,0,F,0
0,18.85,63393,12,1.972222222,1,0.81789403,M,0
0,18.71,37149,15,3.464285714,0.933333333,1,F,1
0,18.34,123244,16,3.125,1,1,M,1
0,18.29,101884,12,3,1,0,F,0
0,17.65,70081,14,2.464285714,1,0.596509066,F,0
0,18.05,29585,15,3.392857143,1,1,M,0
0,18.14,60254,14,3.892857143,1,1,M,0
0,18.86,,14,2.404761905,1,0.995163241,M,0
0,18.1,66746,15,4,1,1,F,0
0,18.82,78527,15,2.25,0.8,0.821360051,F,0
0,18,87290,16,3.8125,1,1,M,0
0,18.92,51702,16,3.4375,1,1,F,0
0,18.08,34812,15,3.9,1,1,F,1
1,18.74,34472,14,3.2,1,1,M,0
0,18.57,,15,3.166666667,0.8,0,M,0
1,19.61,,14,3.821428571,1,1,F,0
0,19.04,49878,16,3.4375,1,1,M,0
0,18.9,40402,15,3.4,1,1,M,0
0,18.39,37748,14,2.178571429,1,0.848323951,F,0
0,18.41,60254,16,4,1,1,F,0
0,19.03,71852,14,3.333333333,1.071428571,1,F,0
0,19.18,83078,12,3.361111111,1,1,F,0
0,19.2,55717,16,2.96875,1,1,F,1
0,18.37,24457,16,2.6875,1,0.841485221,F,0
0,18.14,45371,16,3.40625,1,0.823362131,M,0
0,19.08,84901,15,1.6,1,1,M,0
0,18.63,130655,13,3.192307692,1,1,F,0
0,18.7,,16,3.15625,1,1,M,0
0,18.89,49011,15,3.6,1,1,F,0
0,18.46,68662,16,2.8125,1,1,F,0
1,18.25,52798,15,3.4,1,1,M,0
0,18.69,55973,15,3.466666667,1,1,M,0
0,18.34,58426,15,3.8,1,1,F,0
0,18.34,46417,15,3.7,1,1,F,0
1,18.9,96118,14,3.892857143,1,1,F,0
0,18.54,30608,13,3.807692308,1,1,F,0
0,18.65,91509,16,3.5625,1,1,F,0
0,18.31,82706,17,1.882352941,0.823529412,1,M,0
0,18.28,20147,13,3.769230769,1,1,F,0
0,18.25,43603,14,3.357142857,1,1,F,0
0,19.04,66786,12,3.222222222,1,1,F,0
0,18.62,75242,14,3.571428571,1,1,F,0
0,18.19,60254,16,2.21875,1,1,F,1
0,18.39,75689,16,3.8125,1,0.743571588,F,0
0,18.36,84901,14,2.678571429,1,1,M,0
0,18.32,27111,13,3.115384615,1,1,M,1
0,18.55,65699,14,3.75,1,1,M,0
0,18.15,33979,18,3.6,0.833333333,1,F,1
0,18.79,69542,15,4,1,1,F,0
1,18.23,51250,15,2.9,1,1,M,0
0,18.31,48627,16,1.8125,1,1,M,0
0,18.72,63393,15,3.333333333,1,1,F,0
0,18.99,70081,15,2.8,1,1,M,0
0,19.41,37983,12,2.916666667,1,1,M,0
0,19.02,65585,13,3.307692308,1,1,F,0
0,18.72,98838,12,2.875,1,1,F,0
0,18.95,,14,2.035714286,0.785714286,0.747317322,F,0
0,18.87,41118,16,3.15625,1,1,M,0
0,18.83,130655,15,3.346153846,0.866666667,1,M,0
0,17.96,46975,15,3.3,1,1,F,1
0,19.01,101884,14,3.615384615,1,1,F,0
0,18.09,98480,16,2.4375,1,1,F,0
0,19.39,58257,15,2.8,1,1,M,0
0,18.56,98480,15,2.8,1,1,M,0
0,18.39,73195,17,2.323529412,1,1,F,0
0,18.43,45919,16,1.923076923,0.8125,0.614461984,F,0
0,18.91,40323,13,2.6,1,1,F,0
0,18.11,43603,15,3.3,1,1,F,1
0,18.09,67806,16,3.1875,1,1,F,0
0,18.36,37353,15,2.952380952,1,0,F,0
0,18.96,56910,15,2.3,1,1,F,0
0,18.89,52798,15,3.1,1,1,F,0
0,18.36,55619,13,3.192307692,1,0,F,0
0,18.29,30440,13,3.115384615,1,1,F,0
0,18.27,71485,15,2.9,1,1,F,1
0,18.46,100080,14,3.357142857,1,1,M,0
0,18.13,49375,13,3.653846154,1,1,F,0
0,18.57,46290,15,2.2,1,1,F,0
1,18.13,36014,16,3.28125,1,1,F,0
1,18.72,101884,16,3.461538462,0.8125,1,M,0
0,18.73,96118,15,3.8,1,0,F,0
0,19.13,69242,16,3.46875,1,1,M,0
0,18.42,91488,12,2.866666667,1,0,F,0
0,18.7,31671,13,3.115384615,1,0.953963239,M,0
0,18.82,83078,13,3.230769231,1,1,F,0
0,19.04,55506,12,2.875,1,1,M,0
0,18.18,34472,13,3,1,1,F,0
1,18.37,53075,12,1.611111111,0.75,1,F,0
0,18.46,91488,16,3.5625,1,1,F,0
0,18.46,60304,16,2.65625,0.8125,1,M,0
0,18.84,29146,14,2.5,0.785714286,1,F,0
0,18.55,43536,13,2.846153846,1,1,M,0
0,18.29,76814,16,3.71875,1,1,M,0
1,19.04,68617,16,3.40625,1,1,F,0
0,18.26,104372,15,3.5,1,1,F,0
0,18.6,104844,16,3.03125,1,1,F,0
0,17.69,40595,14,2.346153846,1,1,F,0
0,18.5,96840,15,3,1,1,F,0
0,18.2,69635,15,3,1,1,F,0
0,18.71,50981,15,3.6,1,0.822870235,M,1
0,18.08,56235,15,3.733333333,1,1,F,0
0,18.86,62417,16,3.8125,1,1,F,0
0,18.93,71263,14,3.678571429,1,1,F,0
0,18.47,43458,13,3.576923077,1,1,M,0
1,18.69,68458,16,3.1875,1,1,F,1
0,18.95,58257,15,3.166666667,1,1,M,0
0,18.65,40272,15,3.766666667,1,1,M,0
0,18.75,86488,13,3.038461538,1,1,F,0
0,18.79,51937,16,3.875,0.75,1,M,0
0,18.74,101884,15,3.8,1,0.984908824,F,0
1,18.79,61082,17,3.285714286,0.823529412,1,F,0
0,18.84,74191,15,3.3,1,1,M,0
0,18.74,60254,16,3.625,1,1,F,0
0,18.75,86488,14,3.142857143,1,1,F,0
0,18.17,74191,15,3.233333333,1,1,F,0
0,19.34,71852,14,3.075,1,0,F,0
0,18.45,82706,16,3.5,1,1,F,1
0,18.95,82706,16,2.75,1,1,F,0
0,18.64,,15,3.4,1,1,M,0
0,18.18,98838,16,3,0.8125,1,F,0
0,18.26,48092,12,2.527777778,1,1,M,0
0,18.15,,16,3.375,1,0.890775988,F,0
1,18.11,50981,16,3.625,1,1,F,0
0,18.3,51679,14,3.392857143,1,1,F,0
1,18.18,70779,15,3.2,1,1,M,0
0,19.06,64139,13,3.461538462,1,1,M,0
0,18.89,43682,13,3.307692308,1,1,F,0
0,18.93,56446,12,2.638888889,0.75,1,F,0
0,19.2,82706,12,3.5,1,1,F,1
0,18.81,64630,16,2.125,0.75,1,F,0
1,19.03,47843,16,2.03125,1,0.910061078,M,0
0,18.58,32952,16,3.25,1,1,M,0
1,18.78,49615,15,2.25,0.8,0.956418742,F,0
0,18.68,71140,14,3.25,1,0,F,0
1,18.06,60945,16,3.46875,1,1,F,0
1,18.74,42857,15,1.875,0.8,0.883530936,F,0
0,18.63,50981,15,3.6,1,0.97967818,F,0
0,18.66,70113,15,2.3,1,1,M,0
0,19.44,73153,15,3.458333333,0.8,1,M,0
0,18.72,54591,14,3.535714286,1,1,F,0
0,18.73,43603,15,1.892857143,0.8,1,F,0
0,18.7,35135,15,3.666666667,1,1,M,0
0,18.6,91509,15,3.25,0.8,1,M,0
0,18.11,32382,13,3.692307692,1,1,F,0
0,17.7,76680,15,4,1,1,F,0
0,18.03,102561,15,1.8,1,1,M,0
0,18.1,54000,16,2.3125,1,1,M,0
0,18.52,86488,12,3,1,1,M,0
0,19.29,37149,14,1.615384615,1,1,M,0
0,18.96,82706,14,3.464285714,1,1,F,0
0,18.97,39436,15,3.7,1,1,F,0
0,18.52,82706,14,3.964285714,1,1,M,0
0,18.09,39620,15,3.8,1,1,F,0
0,19.09,46140,15,2,1,1,M,0
0,18.45,59198,16,2.7,1,1,F,0
0,18.86,76814,15,3.233333333,1,1,F,1
0,18.91,83078,15,3.066666667,1,1,F,0
0,18.54,101884,15,3.033333333,1,1,F,0
0,18.61,55558,16,3.625,1,1,F,0
0,19.62,41506,14,3.119047619,1.142857143,1,F,1
0,18.43,82706,13,3.576923077,1,1,M,0
0,18.44,31954,12,2.875,1,1,F,0
0,18.14,58101,15,3.1,1,1,F,0
0,18.79,46007,12,3.111111111,1,0.91585782,F,0
1,18.72,24153,13,2.884615385,1,0.827590665,M,0
0,18.82,83078,15,3.4,1,1,M,0
0,18.21,61284,14,2.821428571,1,1,F,0
0,18.06,71852,15,3,1,1,F,0
0,18.08,52373,16,2.6875,1,1,M,0
0,17.77,76814,13,4,1,1,M,0
0,18.3,69809,17,3.029411765,1,1,M,1
0,18.48,37874,14,1.692307692,0.785714286,1,M,0
0,18.51,57510,15,3.375,0.8,1,F,0
0,18.35,102561,16,3.25,1,1,F,0
0,18.93,61899,12,2.875,1,1,F,0
0,18.63,92154,16,2.875,1,0,F,0
0,18.84,78527,15,2.7,1,1,M,1
0,18.8,59459,16,3.71875,1,1,F,0
0,18.45,14126,14,2.928571429,1,1,M,0
0,18.17,,14,2,1,0,F,0
0,18.38,57510,13,3.055555556,1,1,F,0
0,19.66,101884,15,3,1,1,M,0
1,19.6,96118,15,3.433333333,1,0,M,0
0,18.57,46417,15,2.75,0.8,1,F,0
0,18.62,55973,14,2.642857143,1,1,M,0
0,18.1,96840,18,3.192307692,0.722222222,1,F,0
0,18.18,62648,16,3.625,1,1,M,0
1,18.96,26725,14,3.035714286,1,1,F,1
0,18.86,87985,15,3.9,1,1,F,0
0,18.24,79049,12,1.666666667,0.75,1,M,0
0,18.03,69635,12,2.78125,1,0,F,0
0,19.41,37983,12,2.625,1,1,M,0
0,18.33,38737,13,2.342105263,1,1,F,0
0,18.46,36343,12,2,1,0.721562905,M,0
0,18.55,56634,15,3.9,1,1,F,0
0,17.99,50145,16,2.458333333,0.5625,1,M,0
0,18.48,32391,15,3.766666667,1,1,F,0
0,18.99,70561,14,2.95,1,0,M,0
0,18.1,37972,16,3.5,0.8125,1,F,0
0,18.96,,15,2.866666667,1,1,M,0
1,18.51,48092,15,3.866666667,1,1,F,0
0,18.65,55619,15,2.9,1,1,F,1
1,19.13,56993,16,3.15625,1,0,F,0
0,18.37,82706,16,3.34375,1,1,M,0
0,18.65,53377,15,2.678571429,1,1,M,0
0,18.61,42398,12,2.263157895,0.833333333,1,M,0
1,18.43,82114,14,2.954545455,0.857142857,0,F,0
0,18.34,104372,15,2.6,1,1,M,0
0,18.34,49669,15,2.333333333,0.8,1,M,0
0,18.21,91488,16,2.5625,1,1,F,0
0,18.27,40125,13,2.692307692,1,1,F,0
0,18.21,,14,3,1,1,M,0
0,18.41,32862,14,3.178571429,1,1,F,0
0,18.05,69404,15,3.25,0.8,1,F,0
0,18.32,55619,14,2.857142857,1,1,F,0
0,18.81,46138,16,2.90625,1,1,M,0
0,18.61,100149,13,3.346153846,1,1,F,0
0,18.3,66746,16,4,1,1,M,0
0,18.66,98480,13,3,1,0.529399603,F,0
0,18.41,83078,15,2.785714286,1,1,F,0
0,18.39,53075,15,3.9,1,1,F,0
0,17.83,27921,17,2.911764706,1,1,M,0
0,18.85,58708,16,3.3125,1,1,F,0
0,18.64,51679,14,3.142857143,1,1,F,0
0,18.51,47814,15,3.2,1,1,F,0
0,18.9,100149,12,3.333333333,1,1,F,0
0,18.95,,15,1.6,0.8,1,M,0
0,18.48,98838,17,2.529411765,1,1,M,0
0,18.79,34661,14,2.714285714,1,1,M,0
0,18.21,75689,15,3.2,1,1,M,0
0,18.09,130655,16,2.75,1,1,F,0
0,18.55,46652,15,1.5,0.8,1,M,0
0,18.8,44042,14,3.285714286,1,1,F,0
0,18.95,34455,15,2.666666667,1,1,M,0
0,18.75,71263,13,2.365384615,0.769230769,0,F,0
0,18.37,90014,15,2.75,1,1,M,0
0,18.58,60887,16,3.90625,1,1,F,0
0,18.77,52373,15,2.4,1,1,F,0
0,18.15,68662,14,3.892857143,1,1,F,0
0,18.46,45085,16,1.75,0.8125,1,F,0
0,18.67,71852,16,3.75,0.75,1,M,0
0,18.13,46470,16,3.4,1,1,F,0
0,19.23,69635,15,2.916666667,0.8,1,F,0
1,18.45,79049,17,3.375,1,1,F,0
0,18.34,40457,16,2.5625,1,1,F,0
0,18.27,96118,17,3.911764706,1,1,F,0
0,18.54,117169,13,2.923076923,1,0,F,0
0,18.37,35419,15,2.2,1,1,F,0
0,18.81,82706,13,3.230769231,1,1,M,1
0,18.78,49659,16,2.75,0.75,1,M,0
0,18.79,40272,16,3.40625,1,1,F,0
0,19.88,56746,15,4,1,1,F,1
1,18.16,52701,13,2.807692308,1,1,F,0
0,18.07,,16,3.4375,1,1,F,0
0,18.78,56746,15,1.666666667,0.733333333,1,M,0
0,18.48,,13,3.307692308,1,1,F,1
1,18.11,88195,15,2.433333333,1,1,F,0
0,18.95,92154,13,3.115384615,1,0.698526958,M,0
0,18.36,73510,16,3.4375,1,0.993947521,F,1
0,17.92,35865,12,2.708333333,1,0.339585131,F,0
0,18.67,60304,16,2,1,1,F,0
0,18.84,42857,15,1.857142857,0.666666667,1,M,0
0,18.41,54356,15,3.633333333,1,1,F,1
0,18.83,82706,16,3.53125,1,0.936278153,F,1
0,18.51,,13,2.78125,1,1,M,0
1,18.56,37149,15,3.1,1,1,M,0
0,19.31,30608,15,3,1,1,M,0
0,18.73,62417,15,2.4,1,1,M,0
0,18.84,74191,15,2.666666667,1,1,F,0
1,19.3,39432,17,1.294117647,0.647058824,1,M,0
0,18.8,75242,15,2,1,1,M,0
0,18.41,35524,15,3.7,1,1,F,0
0,18.47,70113,13,3.5,1,1,F,0
0,18.94,99422,16,2,1,1,M,0
0,18.87,31954,13,2.615384615,1,1,M,0
0,19.1,73153,14,2.428571429,1,1,M,0
0,18.27,104844,13,3.307692308,1,1,F,0
0,18.9,61082,15,2,0.8,0.73708577,M,0
1,18.11,50981,14,3.269230769,1,1,F,0
0,19.34,98838,12,2.416666667,1,1,M,0
0,18.52,61280,18,2.972222222,1,1,M,0
0,19.2,31812,12,2.583333333,1,0.59626614,F,0
0,18.85,56634,12,3.694444444,1,1,F,1
0,18.11,46563,14,3.214285714,1,1,F,0
0,18.38,70667,12,3,1,1,F,0
0,18.25,60304,14,3.464285714,1,1,F,1
0,18.23,78527,15,2.9,1,1,F,0
0,18.72,49649,12,2.611111111,1,1,F,1
0,18.58,51679,16,3.25,1,1,F,0
0,18.35,51923,14,3,1,1,F,0
0,18.7,45919,17,3.176470588,1,1,M,0
0,17.94,39627,15,2.8,1,1,F,1
0,18.32,43682,15,2.8,1,1,F,0
0,18.14,63889,15,3.25,0.8,1,F,0
0,18.2,96118,16,3.34375,1,1,M,0
0,18.62,49211,15,2.866666667,1,1,F,0
1,18.11,52931,14,3.285714286,1,0.645363165,M,0
0,18.6,43457,14,2.346153846,1,1,F,0
0,18.83,83950,13,1.923076923,1,1,F,0
0,18.97,69542,15,2.1,1,0.799588352,M,0
1,18.49,46470,15,3.2,1,1,M,0
0,18.11,42014,15,3.866666667,1,1,F,0
0,18.92,64067,13,2.461538462,1,1,F,0
0,18.83,55619,12,2.638888889,1,1,F,0
0,18.6,70773,16,3.625,1,1,F,0
0,18.81,48804,15,3.6,1,1,F,0
1,18.29,55619,15,2.666666667,1,1,M,0
0,19.99,96118,15,2.333333333,0.8,0.652360792,M,0
0,18.59,55619,13,3.307692308,1,1,F,0
0,18.62,96118,16,3.59375,1,0.641358578,M,0
0,18.65,44573,15,3.5,1,1,F,0
0,18.62,34706,13,2.115384615,0.769230769,0.898995865,F,1
0,18.63,54269,13,3,1,1,M,0
0,18.83,63393,16,2.78125,1,1,M,0
1,18.49,52466,14,3.357142857,1,0.619653654,M,1
0,18.05,,16,2.541666667,0.8125,0.95502947,F,1
0,18.9,49642,16,2.65625,1,1,F,0
0,18.84,130655,14,1.75,0.785714286,1,M,0
0,18.34,56746,15,3.166666667,1,1,F,0
0,18.31,64139,13,2.538461538,1,1,M,0
0,17.83,42324,16,3.346153846,0.8125,0.962476257,F,0
1,18.18,39539,17,3.558823529,1,1,F,0
0,18.09,41007,14,2.714285714,1,0,F,0
0,18.17,83078,15,3,1,1,M,0
0,18.01,,15,1.75,0.8,1,M,1
0,18.55,,14,1.791666667,0.857142857,1,F,1
0,17.85,45090,16,2.8125,1,1,F,0
0,18.68,31033,12,2.291666667,1,1,M,0
0,18.73,102239,13,1.894736842,0.538461539,1,F,0
1,18.85,52798,13,3.038461538,1,1,M,0
0,18.75,70821,16,3.09375,1,1,F,0
0,18.69,68662,15,3,1,1,F,0
0,18.18,20147,13,3.115384615,1,1,F,1
0,18.98,79049,15,3.133333333,1,1,F,0
0,18.26,46007,13,2.692307692,1,1,F,0
0,18.49,88195,15,1.733333333,1,0,F,0
0,18.44,,14,2.642857143,1,1,F,0
0,18.46,82620,15,2.6,1,1,M,0
0,18.32,74191,16,2.34375,1,1,M,0
1,18.05,84847,15,3.066666667,1,1,F,0
0,18.45,53075,15,3.2,1,1,M,0
0,18.19,46067,13,3.538461538,1,0.49738988,F,0
0,18.7,55760,16,3.71875,1,1,M,0
1,18.07,39436,16,3.53125,1,1,F,0
0,18.24,104844,16,2.5,1,1,M,0
0,18.25,71140,15,2.733333333,1,1,F,0
0,18.43,53123,15,3.4,1,1,M,0
0,18.32,42324,15,1.2,0.8,1,F,0
0,18,36760,15,2.2,1,1,M,0
0,17.94,71140,14,3.142857143,1,1,F,0
0,19,48804,14,2.25,1,1,M,0
0,18.8,71852,14,2.571428571,1,1,M,0
0,18.98,96118,13,2.421052632,1,0,M,0
0,17.45,54066,16,2.5625,0.8125,1,F,0
0,18.72,26679,14,3.045454545,0.857142857,1,F,0
0,18.04,59318,14,1,1,1,F,0
0,18.63,30221,15,3.9,1,1,F,0
0,18.6,48092,15,3.9,1,1,F,0
0,18.83,48342,14,2.972222222,0.857142857,1,F,0
0,18.32,54000,16,1.78125,1,1,F,0
0,18.42,,15,3.1,1,1,F,0
0,18.65,,16,3.53125,1,1,F,0
1,18.08,48090,15,2.1,1,1,M,0
0,18.77,43536,15,3.75,0.8,1,F,0
0,18.38,52373,14,1.142857143,0.571428571,1,F,0
0,18.87,71263,15,3.6,1,0.717534391,M,0
0,18.32,100080,14,3,1,1,M,0
0,18.59,70561,16,3.40625,1,1,F,0
0,18.61,84901,15,3.466666667,1,1,F,0
0,18.9,23799,13,1.230769231,0.769230769,1,M,0
0,18.4,98838,15,2.2,1,1,M,0
1,18.73,42819,13,2.846153846,1,0.961355625,M,0
0,18.81,26931,16,2.59375,1,1,F,0
0,19.13,58257,15,2.375,0.8,1,M,0
0,18.65,55619,16,2.769230769,0.8125,1,F,0
0,18.1,55558,15,3.1,1,0.866417842,F,1
0,18.05,43682,13,3,1,1,F,1
0,18.63,102239,12,2.5,1,1,M,0
0,18.09,49211,14,2.05,0.714285714,1,F,1
0,18.34,48092,13,1.923076923,1,1,M,0
1,18.74,49642,15,2.533333333,1,1,M,1
0,18.58,49410,15,2.6,1,1,M,0
0,17.74,70113,13,3.263157895,1,0.977509619,M,0
0,18.37,82620,15,2.033333333,0.733333333,1,M,0
0,17.74,83078,16,2.625,1,1,F,0
0,18.45,67806,15,2.5,1,1,M,0
0,18.65,62738,15,3.3,1,1,F,0
0,17.84,70561,15,3,1,1,F,0
0,18.77,43125,15,3.166666667,0.8,0,F,0
0,18.3,98480,15,2,0.8,1,M,0
0,18.6,32391,15,2.833333333,1,1,M,1
0,18.51,101884,12,2.5,1,1,M,0
0,18.08,38589,16,3,0.8125,1,F,0
0,18.38,74191,13,2.571428571,0.846153846,1,F,0
0,18.3,59459,12,3.083333333,1.083333333,1,M,0
0,18.8,52373,16,3.4375,1,1,M,0
0,18.63,41231,14,3.423076923,1,0.655032642,F,0
0,19.04,65810,15,2.875,0.8,1,F,0
0,18.31,52373,16,2.375,0.75,1,F,0
0,19.7,,15,3.3,1,1,M,0
0,19.08,96118,15,2.9,1,1,M,0
0,18.63,50145,15,1.5,0.6,1,F,0
0,18.88,79049,15,3,1,1,F,0
0,18.8,46563,16,2.8125,1,1,M,0
1,18.27,40040,15,3.633333333,1,0.816027236,F,0
0,17.96,87420,15,2.583333333,0.8,1,F,0
0,18.02,64067,15,2.5,1,1,F,0
0,18.22,37149,12,2.75,1,1,M,0
1,18.71,44761,15,2.6,1,0.237061891,M,0
0,18.55,,13,3.5,1,1,F,0
0,18.02,71263,16,2.3125,1,1,F,0
0,18.27,46652,16,3.53125,1,1,M,0
0,18.03,,16,3.125,1,0.944824678,F,0
0,18.51,65810,14,3.25,1,1,F,0
0,18.96,35484,15,2.733333333,1,1,F,1
0,18.69,76680,17,3.352941176,1,1,F,0
0,18.05,35484,16,4,1,1,F,0
0,19.28,60887,15,2.8,1,1,F,1
0,18.36,56975,12,3.111111111,1,1,F,1
0,19,53377,13,2.769230769,1,0,M,0
0,18.28,55760,13,3.076923077,1,1,F,1
1,18.46,103951,12,2.5,1,0,F,0
0,18.38,40032,14,2.571428571,1,1,M,1
1,18.46,96118,15,3.125,0.8,1,M,0
0,20.83,,16,3.25,1,1,M,0
0,19.53,,13,2.5,1,1,M,0
0,18.4,,12,3,1,1,F,0
0,18.8,82620,15,1.6,0.6,0.955332351,M,0
0,18.75,78527,13,3.131578947,1,0,M,0
0,18.77,76814,13,3.375,1,0,F,0
0,18.63,100080,12,2,1,1,F,0
0,18.61,36856,12,3.5,1,1,F,0
0,18.4,45598,13,2.5,1,1,F,0
0,18.31,100080,15,2.25,1,0.866125957,F,0
0,18.26,31845,15,2.266666667,1,1,M,0
0,18.79,55760,13,3.461538462,1,1,M,0
0,17.66,54000,16,1.833333333,0.8125,0.505110293,F,0
0,18.17,71926,12,2.333333333,1,1,M,1
0,18.46,101884,15,2.625,0.8,1,F,0
0,18.59,101884,15,2,1,0,M,0
0,19.09,96118,16,2.6875,1,1,M,1
0,18.98,37011,16,2.461538462,0.8125,0,F,0
0,18.8,35484,15,2.833333333,1,1,M,0
0,18.32,46417,15,1.8,1,1,F,0
0,18.73,27377,13,1.875,0.692307692,1,M,0
0,18.2,98480,15,2.966666667,1,1,F,0
0,18.24,55619,14,2.375,0.928571429,1,F,0
0,18.49,,14,2.238095238,1,1,M,0
0,19.15,101884,13,2.307692308,1,1,M,0
1,18.35,33367,12,3.625,1,0.964288006,F,1
0,18.22,35655,14,1.928571429,1,0.541601816,F,0
1,18.09,82620,16,1.9375,1,1,M,0
0,19.07,,15,3,1,1,M,0
0,18.89,44703,13,2.736842105,1,1,M,0
0,18,37972,14,2.571428571,1,0.79419653,F,0
0,18,58101,13,2.558823529,0.846153846,0.869131095,F,0
0,17.86,41007,15,3,0.8,0,F,0
0,18.3,40595,12,3.666666667,1,1,F,1
0,18.19,32397,13,1.884615385,1,0.553158037,F,0
0,18.59,55717,13,2.5,1,1,M,0
0,18.41,34723,15,1.6,0.8,0.409478149,F,0
0,18.18,55619,14,2.607142857,1,1,F,0
0,18.19,42324,15,3.1,1,1,F,0
0,18.91,74889,14,3.178571429,1,1,F,0
1,19.07,65810,15,2.4,1,1,M,0
0,18.52,52176,15,3,1,1,M,0
0,18.77,,14,2.666666667,1,0,M,0
0,18.98,52701,16,2.71875,1,1,M,0
0,18.84,29053,14,3.142857143,1,1,F,1
0,18.66,65699,15,2.7,1,1,M,0
0,18.05,27369,15,3.133333333,1,1,F,0
0,18.12,82706,14,3.392857143,1,1,F,0
0,18.5,54132,16,3.153846154,0.8125,1,F,0
0,18.38,65699,12,1.583333333,1,1,M,0
0,18.6,47852,15,3.4,1,1,M,0
0,18.79,117169,14,2.475,0.785714286,0.854441111,M,0
0,18.45,87420,14,3.071428571,1,1,M,0
0,18.63,40402,15,3.766666667,1,1,F,0
0,18.6,40040,12,3.388888889,1,1,F,1
0,18.68,65699,14,2.575,1,0,F,0
0,17.84,41202,16,1.8125,0.8125,1,F,1
0,18.51,73195,14,1,0.571428571,0,F,0
1,18.38,87985,12,1.916666667,0.75,0,M,0
0,18.06,51702,15,2.866666667,1,1,F,0
0,18.97,73153,12,2.125,0.75,1,F,0
0,17.94,46358,15,2.666666667,1,1,M,0
0,18.64,102561,17,2.382352941,1,1,F,0
0,18.2,,15,2.6,1,1,M,0
0,18.28,68458,14,2.041666667,0.857142857,1,M,0
0,18.85,56634,16,1.8125,0.8125,1,M,0
0,18.57,49410,12,2.222222222,1,1,F,0
0,18.42,41007,15,3.1,1,1,M,0
0,17.84,123244,16,2.576923077,0.8125,1,M,0
0,18.95,59198,14,2.5,1,1,M,0
1,18.75,56634,14,2.416666667,0.857142857,1,M,0
0,19.08,74191,12,1.75,1,1,F,1
1,18.37,61280,15,2.433333333,1,1,M,0
0,18.2,96118,15,1.2,0.8,1,F,0
0,18.06,101884,16,2.625,1,1,M,0
0,18.89,35865,13,1.769230769,1,1,M,0
0,18.66,67806,15,2.2,1,1,M,0
0,18.82,96118,15,3.25,0.8,1,M,0
1,18.15,79049,12,3.083333333,1,1,M,0
0,18.82,49246,16,1.90625,1,1,M,0
1,18.76,74052,15,1.2,0.6,0.73739671,M,0
0,18.71,60304,14,2.821428571,1,0.996542476,F,0
0,18.41,58257,18,2.833333333,0.833333333,1,M,0
0,18.21,42324,17,2.558823529,1,1,F,0
0,18.3,38029,15,2.416666667,0.8,0,F,0
0,18.63,102295,12,2,0.75,1,F,0
0,18.32,,16,2.5,0.75,0,F,0
0,18.1,46140,13,3,1,0.88496009,F,0
0,19,78527,13,2.230769231,1,1,F,0
0,18.88,,13,2.71875,1,1,F,0
0,18.65,44042,14,2.464285714,1,0.923546589,F,0
0,18.97,52667,15,2.875,0.8,1,F,0
0,18.93,30852,17,2.428571429,0.823529412,1,M,0
0,18.83,48520,13,3.423076923,1,1,M,0
0,18.57,46995,15,2.452380952,0.733333333,1,F,0
0,18.7,24457,15,2.966666667,1,1,F,0
0,18.37,104372,12,2.25,1,1,F,0
0,18.01,101884,16,2.03125,1,1,M,0
0,18.28,101884,15,2.666666667,1,1,F,0
1,18.37,82706,15,3.125,0.8,1,M,0
1,17.94,60254,12,2.305555556,1,1,F,1
0,18.68,46007,16,2,0.8125,1,M,0
0,18.23,51227,15,1.166666667,0.333333333,0.930526384,M,0
0,18.6,60887,13,2.526315789,1,0,M,0
0,18.54,56235,14,2.571428571,1,1,F,1
0,18.38,60945,14,1.785714286,1,1,F,0
0,18.74,56746,16,3.25,0.75,0,F,0
0,18.09,59318,14,2.571428571,1,1,M,1
0,17.46,57110,16,1.8125,1,1,M,0
0,18.43,82706,15,2.9,1,1,F,0
0,18.4,109351,16,2.125,0.8125,1,M,0
0,18.78,35426,16,4,1,1,F,0
0,18.94,44820,12,3.75,1,1,F,0
1,18.43,52373,14,1.117647059,0.5,1,M,0
0,18.57,58257,13,2.615384615,1,0.974880666,F,0
1,18.63,70821,15,2.5,0.8,1,F,0
0,18.94,64630,12,2,0.75,1,F,1
0,18.12,32917,15,1.7,0.8,0.964090429,F,0
0,19.28,100149,14,2.428571429,1,0,M,0
0,18.6,26931,13,2.730769231,0.769230769,0.924289915,M,0
1,18.8,91509,16,3.28125,1,1,F,0
0,18.56,82620,13,3.076923077,1,1,M,0
0,18.99,46417,15,1.3,0.8,1,M,0
0,18.5,82114,15,1.766666667,1,1,M,0
0,18.06,57510,13,2.657894737,1,0,F,0
0,18.52,43294,15,2.5,0.8,1,M,0
1,18.62,38589,15,4,0.8,0.970579475,F,0
0,18.87,84847,15,2.4,1,1,M,0
1,18.49,96118,16,2.576923077,0.8125,0,F,0
0,18.37,82706,13,3,1,0.967717692,M,0
0,18.91,70833,13,2.461538462,1,1,F,0
0,18.62,34706,13,1.346153846,0.769230769,0.964316423,F,1
1,18.98,23799,13,1.875,0.923076923,1,F,0
1,19.18,66746,17,1.708333333,0.764705882,1,F,0
0,18.28,104372,15,3,1,1,F,0
0,18.32,43294,16,2.625,1,1,M,0
0,18.35,53123,14,2.875,0.857142857,1,M,0
0,18.21,96118,17,2.235294118,1,1,F,0
1,18.69,34198,13,2.666666667,0.923076923,0.937990758,F,0
0,18.98,56662,13,2.210526316,0.769230769,1,F,0
0,18.51,98480,14,1.928571429,1,1,F,0
0,17.94,96118,16,2.125,0.8125,0.873672331,F,1
1,18.98,78527,16,2,1,1,F,0
0,18.39,84901,13,2.333333333,0.692307692,1,F,0
0,18.21,42912,15,2.785714286,1,1,M,0
1,18.11,74889,15,2.75,1,1,F,0
0,18.57,71140,14,1.884615385,1,1,F,0
0,18.81,60254,14,2.25,0.785714286,1,M,0
0,18.8,74889,15,2.766666667,1,1,F,0
0,18.01,35859,15,2.3,1,1,M,0
1,18.36,35544,12,1.333333333,1,1,M,0
0,18.36,86988,16,3.625,1,1,F,0
0,18.01,61082,13,1.692307692,1,1,F,0
1,18.02,37330,12,1.25,0.75,1,M,0
0,18.48,,16,3.65625,1,0.961849303,F,0
0,18.45,33685,15,3.6,1,0.992923385,F,0
0,18.27,60140,15,2.966666667,1,1,M,0
0,19.29,,12,2.583333333,1,1,F,0
0,18.29,70821,15,2.3,1,1,F,0
0,18.12,102707,15,2.3,1,1,M,0
0,18.65,48232,12,2.25,1,1,M,0
1,18.86,46563,12,2.25,1,0.546893644,M,0
0,18.34,56634,16,2.6875,1,1,F,0
1,18.78,96118,16,2.1875,1,1,F,0
0,17.32,,15,2.5,1,1,F,0
0,18.12,60945,15,3.2,1,1,M,0
0,18.68,45141,15,2.833333333,1,1,F,0
0,18.42,71263,15,2.3,1,1,M,0
0,18.55,70773,12,2.5,1,1,M,0
0,18.61,31954,13,1.884615385,0.769230769,1,M,0
0,18.24,83078,15,2.2,1,1,M,0
0,16.98,38999,15,2.866666667,1,1,F,0
0,18.46,69542,15,2.5,0.8,1,M,0
0,18.87,39436,13,2.958333333,0.923076923,1,M,1
0,18.89,60945,12,1.733333333,0.416666667,1,F,1
1,18.43,50183,12,2.625,1,0.781310361,F,0
0,17.16,,15,2.875,1,0,M,1
0,18.23,33309,14,2.75,1,1,M,1
1,18.93,61082,15,2,1,1,M,0
0,19.23,102561,12,2.25,0.75,1,M,0
0,18.26,70779,17,2.558823529,1,1,F,0
0,19.04,56634,14,2.772727273,0.857142857,1,F,0
0,18.58,35301,12,1.875,1,0,F,0
0,18.28,33979,15,2.033333333,0.8,1,F,0
1,18.23,52466,12,1.6,1,0.656077348,F,0
0,18.81,33903,18,2.533333333,0.666666667,1,M,0
0,18.44,49410,15,2.5,1,1,M,0
0,18.33,60945,15,2.266666667,0.8,0.915327145,F,0
0,18.8,37330,13,2.269230769,1,0.998113208,F,0
0,18.94,52790,15,1.6,0.6,1,M,0
0,18.48,41007,14,2.464285714,1,1,F,0
0,18.28,82706,16,1.90625,0.8125,1,F,0
1,18.09,64139,14,1.461538462,1,1,F,0
0,18.66,70821,15,2.375,0.8,1,F,0
0,18.94,33309,16,3.3125,1,1,F,0
0,18.84,87290,16,0.5625,0.375,1,F,0
1,18.8,65699,15,2.3,0.8,1,M,0
0,17.92,50413,14,2.071428571,0.714285714,1,M,1
1,18.4,96118,16,2.230769231,0.8125,1,M,0
0,18.39,20147,13,2.038461538,1,1,F,0
0,18.24,54766,16,4,0.8125,1,F,0
0,18.38,70587,15,1.8,1,1,M,0
1,18.12,30608,15,2,0.8,1,M,0
1,18.31,70561,16,2.0625,1,1,M,0
0,18.93,45609,12,1.411764706,1,1,F,0
0,19.08,,16,0.625,0.4375,0.87065481,M,0
0,17.9,60945,16,2.75,0.75,0.967649687,F,0
0,18.24,82620,16,2.53125,0.75,1,F,0
0,18.23,71263,15,2.3,1,1,F,0
0,18.58,61652,13,1.461538462,0.769230769,1,M,0
0,18.47,117169,15,1.466666667,1,1,M,0
0,18.17,57510,14,2.214285714,1,0.698447256,F,0
0,18.26,69809,16,1.1875,0.625,1,F,0
0,18.8,,13,2.681818182,0.923076923,1,M,0
0,19,50183,16,2.375,1,1,F,0
0,18.37,50512,15,2.4,1,0,M,0
0,19.89,84847,15,1.886363636,1,0.755393772,F,0
0,18.71,,16,1.75,0.8125,1,M,0
0,18.7,76814,16,2.692307692,0.8125,1,M,0
0,18.19,34198,12,2.5,1,1,F,0
0,17.14,34661,16,1.5,0.75,1,M,1
0,18.2,76814,14,2.392857143,1,1,F,0
0,18.05,37983,14,2.75,1,0.776941222,F,1
1,18.45,90014,14,1.55,0.785714286,1,F,0
0,19.04,82706,15,2.066666667,0.8,0,M,0
0,18.83,48520,14,2.954545455,0.857142857,1,M,0
0,18.81,82620,12,2.421052632,0.75,0,M,0
0,18.46,43457,12,1.5,0.75,0.611781157,M,0
1,18.57,70081,15,2.1,0.8,0.571988887,M,0
1,18.78,76814,15,1.8,0.8,1,F,1
0,18.12,42857,16,1.8125,1,1,F,0
1,19.02,75689,14,1.535714286,0.785714286,1,F,0
0,18.52,70113,14,2.730769231,1,1,F,0
0,18.8,40323,16,2.65625,1,1,F,0
0,18.6,70561,16,2.28125,0.8125,0.984700367,F,0
0,18.91,,16,3.34375,1,1,F,0
0,18.91,82706,15,2.5,0.8,0,F,0
0,18.88,26725,15,1.633333333,0.8,1,F,1
1,18.25,71926,13,1.692307692,1,0,M,0
0,18.25,37103,16,2.96875,1,1,M,0
0,18.72,26270,13,3.307692308,1,1,F,0
0,19.6,33979,13,3.730769231,1,1,F,0
0,18.76,71263,15,1.8,1,0,M,0
1,19.41,69635,12,1.921052632,0.75,0,M,0
1,18.77,,15,2.633333333,1,1,M,1
0,18.79,21417,17,1.529411765,0.647058824,1,M,0
0,18.94,33685,16,3.53125,1,1,M,0
1,18.73,20147,15,2,0.8,1,F,0
0,18.69,50413,15,2,0.8,1,M,0
1,18.76,62613,14,2.025,0.571428571,0,M,0
0,18.32,65585,16,3.28125,1.0625,0.768346977,F,0
0,17.9,47843,13,1.461538462,0.769230769,0.998836851,F,0
0,18.05,38206,13,1.230769231,0.769230769,1,F,1
1,18.68,88195,12,0.75,0.5,0.879425561,M,1
0,19.05,71250,13,1.461538462,1,1,M,0
0,18.71,32952,16,1.40625,0.5625,1,M,0
0,18.14,41683,13,2.5,0.692307692,1,F,0
0,18.69,55619,13,1.5,0.461538462,1,F,0
0,18.42,76814,15,2.8,1,1,F,0
1,18.38,74144,12,2.208333333,1,1,M,1
0,18.58,42819,15,1.166666667,0.333333333,1,F,0
0,18.02,58708,13,1.846153846,0.769230769,1,F,0
1,18.63,77724,15,2.966666667,1,0,F,0
1,19.09,37149,14,1.588235294,0.642857143,0.869131095,M,0
0,17.31,60304,16,2.28125,1,1,M,0
0,18.93,82706,16,1.96875,1,0.408624849,M,0
1,17.94,48232,13,2.461538462,1,0.98115019,M,0
1,18.33,45314,13,2.153846154,1,1,F,1
0,18.84,82620,15,1.2,0.6,1,M,0
1,18.31,74889,15,1.2,0.733333333,1,F,1
0,18.28,80146,14,1.875,0.571428571,1,M,0
0,18.86,,12,2.833333333,1,1,F,0
0,18.41,39432,14,0.821428571,0.5,1,F,0
0,18.82,82620,13,2.153846154,1,1,M,0
1,19,62738,15,2.933333333,1,1,F,0
0,17.94,58426,16,1.625,1,0,M,0
0,18.62,47843,14,0.461538462,0.214285714,1,F,1
1,18.55,43965,16,1.65625,0.625,1,M,1
0,18.52,49211,14,1.714285714,0.571428571,1,F,0
0,18.61,,16,0.625,0.625,1,M,0
1,18.93,39539,15,1.9,1,1,F,1
1,19.3,22555,15,1.9,0.733333333,0.861914396,F,0
0,18.48,43682,14,1.636363636,0.642857143,0.860366991,M,0
1,19.51,50512,15,2.266666667,1,0.978398429,F,1
1,18.52,70833,15,2.142857143,0.8,1,F,1
0,18.4,36761,14,0.272727273,0.071428571,1,M,0
1,18.5,43458,15,3.25,0.8,0.799830779,F,0
0,18.93,46470,17,1.947368421,0.588235294,1,F,1
0,19.3,44042,13,2,0.769230769,1,M,0
1,17.94,73195,16,0.066666667,0.125,0.986460723,F,1
1,19.43,82620,13,0.692307692,0.461538462,1,M,0
1,18.11,76814,13,1.461538462,1,0.953219634,F,1
0,18.99,56634,15,1.4,0.6,1,F,0
0,17.24,83078,15,1.5,0.6,0.975325185,M,1
1,18.49,37149,15,0.6,0.2,1,M,0
0,18.49,42014,13,1.923076923,1,1,M,0
1,18.46,63889,12,2,0.75,0.902416571,F,0
1,17.54,21950,15,1.366666667,0.866666667,0.916211588,F,1
0,18.88,50260,14,0.807692308,0.5,1,M,0
0,18.26,62738,16,3.0625,1,1,F,0
0,18.08,40402,14,2.285714286,1,1,M,0
0,18.2,68662,16,1.75,0.8125,1,M,0
0,18.45,29855,14,3.535714286,1,1,F,1
0,18.77,60254,16,1.076923077,0.4375,0.98942887,F,0
1,19.15,62404,12,1,0.583333333,0,M,0
0,18.22,44673,16,1.5625,0.75,1,F,0
0,17.03,75392,15,2.5,1,1,M,0
1,18,51949,12,2.058823529,0.75,1,F,1
1,18.12,,15,1.8,0.8,1,F,0
1,16.91,,15,3.333333333,0.8,1,F,0
1,18.55,38999,15,2.333333333,1,1,M,0
0,18.43,75392,14,1.928571429,1,1,M,1
1,18.12,42653,16,2.5625,1,1,F,0
1,18.37,42857,16,1.71875,0.8125,0.649653801,M,0
0,19.65,60597,18,0.833333333,0.666666667,1,M,0
1,18.74,76116,14,1.076923077,0.714285714,1,F,0
0,18.85,65978,12,3.416666667,1,0.635861311,F,1
1,19.13,98838,13,1.4,0.076923077,0,F,0
0,18.9,45314,16,1.8125,0.5625,1,F,0
0,18.04,60254,15,0.5,0.6,1,M,1
0,18.49,,14,2.725,1,0.667064338,F,0
0,18.68,60140,15,2.6,1,0.828918909,M,0
1,18.09,32817,15,2,0.866666667,1,M,0
1,18.02,33515,13,1.833333333,0.384615385,1,M,0
1,18.52,48627,14,2.428571429,1,0.509375911,F,0
1,18.08,60140,15,1,0.6,0.519979613,M,0
0,18.55,82620,12,2.666666667,1,1,M,0
1,17.51,38999,15,1.25,0.6,1,F,0
0,18.51,38694,16,2,1,1,F,1
1,18.02,33737,14,1.642857143,0.785714286,1,F,0
0,18.42,36856,15,2.5,0.8,0.71073255,F,1
1,18.62,42014,13,3.076923077,1,0.429734112,M,0
1,18.51,68662,12,1.388888889,1,0.948668689,F,0
1,18.4,98480,13,1.538461538,0.769230769,1,F,0
1,18.98,48092,15,2.125,0.8,1,F,1
1,18.81,75392,12,1.972222222,0.75,0,M,0
1,18.47,57510,12,1.416666667,0.666666667,1,F,0
1,19.02,54132,13,1.578947368,0.769230769,1,F,0
1,18.56,91509,14,1,0.785714286,0.808888889,F,0
1,18.78,101884,12,1.153846154,0,0,F,0
1,18.23,55619,12,1.25,0.666666667,1,F,0
1,18.55,38304,15,1.4,0.733333333,0.75062918,F,0
1,18.07,32862,14,1.357142857,0.785714286,1,F,0
1,18.36,33235,16,1.4,0.75,1,F,0
1,18.81,60597,13,1.210526316,0.769230769,1,F,0
1,18.54,32817,12,1.611111111,0.416666667,1,F,0
1,18.93,29511,12,1.361111111,0.25,1,F,0
1,18.64,41007,13,1.210526316,0.307692308,0.330703179,F,0
1,18.59,55619,12,1.138888889,0.5,0.895741893,M,0
1,18.51,58257,16,1.125,0.5625,1,M,0
1,18.98,74144,12,1.75,0.75,1,M,0
1,18.01,84847,16,1.1875,0.8125,1,M,1
1,18.41,51679,15,1.55,0.466666667,1,M,0
1,17.9,102561,14,0,0,1,F,0
1,18.66,59829,14,3.428571429,1,1,F,0
1,18.75,84901,13,1.807692308,0.769230769,0,M,0
1,18.44,45410,13,3.375,1,1,F,1
1,18.61,39620,16,0.75,0.375,1,M,0
1,18.85,45598,14,0.571428571,0.5,1,F,0
1,18.64,46833,14,0.857142857,0.571428571,0,F,0
1,20.62,70561,16,1.125,0.4375,1,M,0
1,18.61,50145,14,0.714285714,0.285714286,1,F,0
1,18.64,56381,16,0.9375,0.5625,1,M,0
1,20.98,32391,15,1,0.8,0,F,0
1,18.37,35071,13,1,0.538461539,0.520189619,F,0
1,18.82,44703,13,0.818181818,0.461538462,1,M,1
1,18.67,63039,16,1.318181818,0.5625,0.839338223,F,0
1,18.39,37330,13,0.692307692,0.692307692,0.97625261,M,0
1,17.86,46167,17,1.461538462,0.588235294,1,F,1
1,19.04,56356,14,1.678571429,0.571428571,1,F,0
1,19.28,102561,13,1,0.384615385,0,M,0
1,18.15,65978,12,2.277777778,1,1,F,0
1,18.44,60140,14,1.05,0.428571429,1,F,0
1,18.89,69635,16,0,0,1,M,0
1,19.35,35865,13,1.307692308,0.538461539,0,F,0
1,17.92,51722,14,1.441176471,0.571428571,0.373421162,F,1
1,18.99,59599,16,0,0,1,M,0
1,18.8,44894,12,1.794117647,0.75,1,M,0
1,19.24,35865,12,0.25,0.25,1,M,0
1,18.84,68662,14,0.95,0.571428571,0,M,0
1,18.55,36760,12,0.944444444,0.5,0,F,0
1,18.78,66758,13,2.384615385,1,0,F,0
1,18.78,55558,13,0.923076923,0.461538462,1,F,1
1,18.25,76680,13,0.7,0.7,1,M,0
1,18.75,45410,15,2.333333333,0.8,1,M,0
1,18.2,48245,15,0,0,1,F,0
1,18.74,38588,13,0,0,1,F,0
1,18.6,79781,14,0.7,0.7,0.846722486,M,0
1,18.63,74889,13,0.7,0.538461539,1,F,0
1,18.73,,12,0.25,0.25,1,M,0
1,18.39,65978,12,1.75,1,1,M,0
1,18.01,34198,13,0.9,0,0.946276685,M,0
1,18.18,56662,16,1,0.625,1,M,0
1,18.06,66758,13,2.115384615,0.769230769,1,F,0
1,18.73,48627,14,1.477272727,0.142857143,1,M,0
1,18.91,66758,12,1.5,1,1,F,0
1,18.28,,16,0.375,0.1875,1,M,0
1,18.65,74144,17,1,0.823529412,1,M,0
1,17.81,56746,12,0.535714286,0,1,F,0
1,18.63,43125,11,0,0,0.685080417,M,0
1,18.13,53401,14,0.692307692,0.5,1,F,0
1,18.61,36760,15,0.071428571,0.066666667,0.816624929,M,1
1,18.88,26725,12,0.7,0.5,0.969754742,M,0
1,18.49,53190,13,0.7,0.7,1,F,0
1,18.28,60898,14,0.692307692,0.214285714,0,M,0
1,18.97,,14,0.285714286,0.285714286,1,M,0
1,18.15,48581,13,1.346153846,0.5,1,M,0
1,18.65,,13,1,0.769230769,0.901872104,M,1
1,18.1,73510,16,0.7,0.6875,1,F,0
1,18.32,,12,1,0.5,1,F,0
1,18.67,59599,16,0.78125,0.25,1,F,0
